0,icmp,ecr_i,SF,30,0,0,0,0,0,0,0,0,0,0,0,0,0,0,0,0,0,1,1,0,0,0,0,1,0,0,247,247,1,0,1,0,0,0,0,0,normal
0,tcp,echo,S0,0,0,0,0,0,0,0,0,0,0,0,0,0,0,0,0,0,0,223,17,1,1,0,0,0.08,0.06,0,255,17,0.07,0.06,0,0,1,1,0,0,abnormal
0,tcp,netbios_dgm,S0,0,0,0,0,0,0,0,0,0,0,0,0,0,0,0,0,0,0,38,3,1,1,0,0,0.08,0.13,0,255,3,0.01,0.07,0,0,1,1,0,0,abnormal
0,tcp,http,SF,289,11653,0,0,0,0,0,1,0,0,0,0,0,0,0,0,0,0,1,2,0,0,0,0,1,0,1,16,177,1,0,0.06,0.06,0,0.01,0,0.01,normal
0,tcp,time,SF,0,4,0,0,0,0,0,0,0,0,0,0,0,0,0,0,0,0,1,1,0,0,0,0,1,0,0,15,15,1,0,0.07,0,0.07,0.07,0,0,normal
0,tcp,http,SF,161,193,0,0,0,0,0,1,0,0,0,0,0,0,0,0,0,0,1,13,0,0,0,0,1,0,0.23,21,255,1,0,0.05,0.03,0,0,0,0,normal
0,tcp,http,SF,220,1111,0,0,0,0,0,1,0,0,0,0,0,0,0,0,0,0,11,11,0,0,0,0,1,0,0,11,255,1,0,0.09,0.02,0,0,0,0,normal
0,tcp,http,SF,222,3438,0,0,0,0,0,1,0,0,0,0,0,0,0,0,0,0,13,57,0,0,0,0,1,0,0.09,30,255,1,0,0.03,0.04,0,0,0,0,normal
0,udp,private,SF,28,0,0,3,0,0,0,0,0,0,0,0,0,0,0,0,0,0,12,12,0,0,0,0,1,0,0,215,12,0.06,0.05,0.06,0,0.02,0,0,0,abnormal
0,tcp,private,S0,0,0,0,0,0,0,0,0,0,0,0,0,0,0,0,0,0,0,21,9,1,1,0,0,0.43,0.19,0,255,9,0.04,0.08,0,0,1,1,0,0,abnormal
0,tcp,private,S0,0,0,0,0,0,0,0,0,0,0,0,0,0,0,0,0,0,0,123,1,1,1,0,0,0.01,0.07,0,255,20,0.08,0.05,0,0,1,1,0,0,abnormal
0,tcp,http,SF,336,27988,0,0,0,0,0,1,0,0,0,0,0,0,0,0,0,0,2,3,0,0,0,0,1,0,0.67,79,255,1,0,0.01,0.03,0,0,0,0,normal
0,tcp,private,S0,0,0,0,0,0,0,0,0,0,0,0,0,0,0,0,0,0,0,31,2,1,1,0,0,0.06,0.19,0,255,12,0.05,0.09,0,0,1,1,0,0,abnormal
0,tcp,http,SF,170,11394,0,0,0,0,0,1,0,0,0,0,0,0,0,0,0,0,4,4,0,0,0,0,1,0,0,30,255,1,0,0.03,0.05,0,0,0,0,normal
0,tcp,private,S0,0,0,0,0,0,0,0,0,0,0,0,0,0,0,0,0,0,0,253,10,1,1,0,0,0.04,0.06,0,255,5,0.02,0.09,0,0,1,1,0,0,abnormal
0,tcp,http,SF,322,3987,0,0,0,0,0,1,0,0,0,0,0,0,0,0,0,0,5,5,0,0,0,0,1,0,0,31,255,1,0,0.03,0.04,0,0.01,0,0.01,normal
0,tcp,uucp_path,S0,0,0,0,0,0,0,0,0,0,0,0,0,0,0,0,0,0,0,263,11,1,1,0,0,0.04,0.05,0,255,11,0.04,0.05,0,0,1,1,0,0,abnormal
0,tcp,bgp,S0,0,0,0,0,0,0,0,0,0,0,0,0,0,0,0,0,0,0,230,14,1,1,0,0,0.06,0.06,0,255,14,0.05,0.08,0,0,1,1,0,0,abnormal
0,tcp,http,SF,335,14237,0,0,0,0,0,1,0,0,0,0,0,0,0,0,0,0,1,1,0,0,0,0,1,0,0,3,255,1,0,0.33,0.04,0.33,0,0,0,normal
0,tcp,http,SF,255,1519,0,0,0,0,0,1,0,0,0,0,0,0,0,0,0,0,1,27,0,0,0,0,1,0,0.15,14,255,1,0,0.07,0.02,0,0,0,0,normal
0,tcp,ftp_data,SF,2890,0,0,0,0,0,0,1,0,0,0,0,0,0,0,0,0,0,13,13,0,0,0,0,1,0,0,255,58,0.23,0.05,0.23,0,0.35,0,0.02,0,normal
4,tcp,smtp,SF,807,280,0,0,0,0,0,1,0,0,0,0,0,0,0,0,0,0,7,4,0,0,0,0,0.14,0.57,1,241,25,0.1,0.6,0,0,0,0,0,0,normal
0,icmp,eco_i,SF,30,0,0,0,0,0,0,0,0,0,0,0,0,0,0,0,0,0,7,1,0,0,0,0,0.14,0.29,0,255,2,0.01,0.01,0.08,0,0,0,0,0,normal
0,tcp,time,S0,0,0,0,0,0,0,0,0,0,0,0,0,0,0,0,0,0,0,287,20,1,1,0,0,0.07,0.04,0,255,20,0.08,0.05,0,0,1,1,0,0,abnormal
0,tcp,private,REJ,0,0,0,0,0,0,0,0,0,0,0,0,0,0,0,0,0,0,110,1,0.01,0,0.94,1,0.01,1,0,235,1,0,0.5,0,0,0,0,0.45,1,abnormal
0,tcp,private,REJ,0,0,0,0,0,0,0,0,0,0,0,0,0,0,0,0,0,0,168,15,0,0,1,1,0.09,0.07,0,255,15,0.06,0.08,0,0,0,0,1,1,abnormal
26,tcp,ftp,SF,345,1072,0,0,0,6,0,1,0,0,0,0,0,0,0,0,0,1,1,1,0,0,0,0,1,0,0,1,1,1,0,1,0,0,0,0,0,normal
0,icmp,ecr_i,SF,1032,0,0,0,0,0,0,0,0,0,0,0,0,0,0,0,0,0,295,295,0,0,0,0,1,0,0,255,255,1,0,1,0,0,0,0,0,abnormal
0,tcp,smtp,SF,957,331,0,0,0,0,0,1,0,0,0,0,0,0,0,0,0,0,1,2,0,0,0,0,1,0,1,147,20,0.14,0.52,0.01,0,0,0,0,0,normal
319,tcp,other,RSTR,1,0,0,0,0,0,0,0,0,0,0,0,0,0,0,0,0,0,2,2,0,0,1,1,1,0,0,255,2,0.01,0.73,1,0,0,0,1,1,abnormal
0,tcp,http,SF,247,499,0,0,0,0,0,1,0,0,0,0,0,0,0,0,0,0,2,2,0,0,0,0,1,0,0,2,255,1,0,0.5,0.02,0,0,0,0,normal
2625,udp,other,SF,147,105,0,0,0,0,0,0,0,0,0,0,0,0,0,0,0,0,4,2,0,0,0,0,0.5,0.5,0,255,2,0.01,0.75,1,0,0,0,0,0,normal
0,tcp,uucp_path,S0,0,0,0,0,0,0,0,0,0,0,0,0,0,0,0,0,0,0,271,13,1,1,0,0,0.05,0.06,0,255,13,0.05,0.07,0,0,1,1,0,0,abnormal
0,tcp,bgp,S0,0,0,0,0,0,0,0,0,0,0,0,0,0,0,0,0,0,0,202,2,1,1,0,0,0.01,0.06,0,255,2,0.01,0.06,0,0,1,1,0,0,abnormal
0,tcp,private,S0,0,0,0,0,0,0,0,0,0,0,0,0,0,0,0,0,0,0,259,11,1,1,0,0,0.04,0.05,0,255,12,0.05,0.05,0,0,1,1,0,0,abnormal
0,tcp,private,S0,0,0,0,0,0,0,0,0,0,0,0,0,0,0,0,0,0,0,172,10,1,1,0,0,0.06,0.06,0,255,19,0.07,0.07,0,0,1,1,0,0,abnormal
0,udp,other,SF,147,0,0,0,0,0,0,0,0,0,0,0,0,0,0,0,0,0,5,1,0,0,0,0,0.2,0.6,0,255,1,0,0.37,0.81,0,0,0,0,0,normal
0,tcp,http,SF,184,1235,0,0,0,0,0,1,0,0,0,0,0,0,0,0,0,0,13,13,0,0,0,0,1,0,0,34,234,1,0,0.03,0.01,0,0,0,0,normal
0,tcp,link,S0,0,0,0,0,0,0,0,0,0,0,0,0,0,0,0,0,0,0,129,4,1,1,0,0,0.03,0.06,0,255,4,0.02,0.07,0,0,1,1,0,0,abnormal
0,tcp,http,SF,312,739,0,0,0,0,0,1,0,0,0,0,0,0,0,0,0,0,1,1,0,0,0,0,1,0,0,9,17,1,0,0.11,0.12,0,0,0,0,normal
0,tcp,http,SF,309,435,0,0,0,0,0,1,0,0,0,0,0,0,0,0,0,0,16,16,0.12,0.12,0,0,1,0,0,62,255,1,0,0.02,0.03,0.02,0,0,0,normal
0,tcp,courier,S0,0,0,0,0,0,0,0,0,0,0,0,0,0,0,0,0,0,0,105,8,1,1,0,0,0.08,0.06,0,255,9,0.04,0.05,0,0,1,1,0,0,abnormal
0,tcp,ftp_data,SF,10389,0,0,0,0,0,0,1,0,0,0,0,0,0,0,0,0,0,8,8,0,0,0,0,1,0,0,226,76,0.34,0.03,0.34,0,0.02,0.03,0,0,normal
0,tcp,uucp_path,S0,0,0,0,0,0,0,0,0,0,0,0,0,0,0,0,0,0,0,230,22,1,1,0,0,0.1,0.06,0,255,22,0.09,0.06,0,0,1,1,0,0,abnormal
0,tcp,http,SF,300,454,0,0,0,0,0,1,0,0,0,0,0,0,0,0,0,0,1,1,0,0,0,0,1,0,0,1,255,1,0,1,0.03,0,0,0,0,normal
0,tcp,whois,S0,0,0,0,0,0,0,0,0,0,0,0,0,0,0,0,0,0,0,144,4,1,1,0,0,0.03,0.06,0,255,1,0,0.08,0,0,1,1,0,0,abnormal
0,tcp,bgp,RSTR,0,0,0,0,0,0,0,0,0,0,0,0,0,0,0,0,0,0,1,1,0,0,1,1,1,0,0,255,1,0,0.51,1,0,0,0,1,1,abnormal
0,tcp,other,SF,3775,0,0,0,0,0,0,1,0,0,0,0,0,0,0,0,0,0,22,1,0.05,0,0,0,0.05,0.41,0,147,1,0.01,0.1,0.37,0,0.02,0,0,0,normal
0,udp,domain_u,SF,43,130,0,0,0,0,0,0,0,0,0,0,0,0,0,0,0,0,218,298,0,0,0,0,1,0,0.01,255,253,0.99,0.01,0,0,0,0,0,0,normal
0,tcp,systat,S0,0,0,0,0,0,0,0,0,0,0,0,0,0,0,0,0,0,0,115,15,1,1,0,0,0.13,0.08,0,255,15,0.06,0.07,0,0,1,1,0,0,abnormal
0,tcp,netbios_dgm,S0,0,0,0,0,0,0,0,0,0,0,0,0,0,0,0,0,0,0,165,10,1,1,0,0,0.06,0.08,0,255,10,0.04,0.08,0,0,1,1,0,0,abnormal
0,tcp,private,REJ,0,0,0,0,0,0,0,0,0,0,0,0,0,0,0,0,0,0,1,1,0,0,1,1,1,0,0,22,1,0.05,1,0.05,0,0,0,0.86,1,abnormal
0,tcp,http,SF,247,3331,0,0,0,0,0,1,0,0,0,0,0,0,0,0,0,0,26,54,0,0,0,0,1,0,0.09,155,255,1,0,0.01,0.02,0,0,0,0,normal
25,tcp,smtp,SF,731,329,0,0,0,0,0,1,0,0,0,0,0,0,0,0,0,0,1,1,0,0,0,0,1,0,0,95,123,0.91,0.04,0.01,0.02,0,0,0,0,normal
0,icmp,eco_i,SF,8,0,0,0,0,0,0,0,0,0,0,0,0,0,0,0,0,0,1,31,0,0,0,0,1,0,1,1,161,1,0,1,0.25,0,0,0,0,abnormal
0,tcp,http,SF,207,597,0,0,0,0,0,1,0,0,0,0,0,0,0,0,0,0,11,11,0,0,0,0,1,0,0,162,255,1,0,0.01,0.02,0,0,0,0,normal
0,tcp,private,S0,0,0,0,0,0,0,0,0,0,0,0,0,0,0,0,0,0,0,264,13,1,1,0,0,0.05,0.06,0,255,8,0.03,0.09,0,0,1,1,0,0,abnormal
0,tcp,uucp_path,S0,0,0,0,0,0,0,0,0,0,0,0,0,0,0,0,0,0,0,238,1,1,1,0,0,0,0.06,0,255,1,0,0.07,0,0,1,1,0,0,abnormal
0,tcp,Z39_50,S0,0,0,0,0,0,0,0,0,0,0,0,0,0,0,0,0,0,0,137,4,1,1,0,0,0.03,0.05,0,255,4,0.02,0.05,0,0,1,1,0,0,abnormal
0,udp,domain_u,SF,43,126,0,0,0,0,0,0,0,0,0,0,0,0,0,0,0,0,67,147,0,0,0,0,0.99,0.03,0.01,255,229,0.9,0.01,0,0,0,0,0,0,normal
0,tcp,other,SF,1363,0,0,0,0,0,0,1,0,0,0,0,0,0,0,0,0,0,17,1,0.06,0,0,0,0.06,0.18,0,199,1,0.01,0.09,0.39,0,0.02,0,0,0,normal
0,tcp,http,SF,363,496,0,0,0,0,0,1,0,0,0,0,0,0,0,0,0,0,1,4,0,0.25,0,0,1,0,1,110,255,1,0,0.01,0.02,0,0,0,0,normal
0,tcp,http,SF,314,1185,0,0,0,0,0,1,0,0,0,0,0,0,0,0,0,0,11,39,0,0,0,0,1,0,0.1,11,189,1,0,0.09,0.05,0,0.01,0,0,normal
0,tcp,private,S0,0,0,0,0,0,0,0,0,0,0,0,0,0,0,0,0,0,0,150,6,1,1,0,0,0.04,0.06,0,255,5,0.02,0.08,0,0,1,1,0,0,abnormal
0,icmp,urp_i,SF,78,0,0,0,0,0,0,0,0,0,0,0,0,0,0,0,0,0,13,7,0,0,0,0,0.31,0.15,0.29,255,12,0.05,0.01,0.05,0,0,0,0,0,normal
0,tcp,http,SF,232,582,0,0,0,0,0,1,0,0,0,0,0,0,0,0,0,0,6,6,0,0,0,0,1,0,0,255,255,1,0,0,0,0,0,0,0,normal
0,tcp,telnet,S0,0,0,0,0,0,0,0,0,0,0,0,0,0,0,0,0,0,0,271,14,1,1,0,0,0.05,0.06,0,255,14,0.05,0.06,0,0,1,1,0,0,abnormal
1,tcp,ftp,SF,1119,2443,0,0,0,28,0,1,0,0,0,0,0,0,0,0,0,1,1,1,0,0,0,0,1,0,0,255,139,0.55,0.02,0,0,0,0,0,0,abnormal
2229,udp,other,SF,146,105,0,0,0,0,0,0,0,0,0,0,0,0,0,0,0,0,2,2,0,0,0,0,1,0,0,255,2,0.01,0.85,0.99,0,0,0,0,0,normal
21661,tcp,private,RSTR,1,0,0,0,0,0,0,0,0,0,0,0,0,0,0,0,0,0,2,2,0,0,1,1,1,0,0,255,2,0.01,0.73,1,0,0,0,1,1,abnormal
0,tcp,http,SF,223,362,0,0,0,0,0,1,0,0,0,0,0,0,0,0,0,0,11,37,0,0,0,0,1,0,0.16,255,255,1,0,0,0,0,0,0,0,normal
0,tcp,http,REJ,0,0,0,0,0,0,0,0,0,0,0,0,0,0,0,0,0,0,1,1,0,0,1,1,1,0,0,4,239,1,0,0.25,0.1,0,0,1,1,normal
0,tcp,http,SF,200,313,0,0,0,0,0,1,0,0,0,0,0,0,0,0,0,0,25,26,0,0,0,0,1,0,0.08,255,255,1,0,0,0,0,0,0,0,normal
0,tcp,http,SF,240,189,0,0,0,0,0,1,0,0,0,0,0,0,0,0,0,0,30,30,0,0,0,0,1,0,0,255,255,1,0,0,0,0,0,0,0,normal
0,tcp,http,SF,189,9692,0,0,0,0,0,1,0,0,0,0,0,0,0,0,0,0,1,5,0,0,0,0,1,0,0.4,255,255,1,0,0,0,0,0,0,0,normal
0,tcp,http,SF,327,442,0,0,0,0,0,1,0,0,0,0,0,0,0,0,0,0,4,4,0,0,0,0,1,0,0,214,255,1,0,0,0.01,0.01,0.01,0,0,normal
0,tcp,http,REJ,0,0,0,0,0,0,0,0,0,0,0,0,0,0,0,0,0,0,1,2,0,0,1,1,1,0,1,78,255,1,0,0.01,0.06,0,0,1,1,normal
0,icmp,eco_i,SF,8,0,0,0,0,0,0,0,0,0,0,0,0,0,0,0,0,0,1,30,0,0,0,0,1,0,1,1,67,1,0,1,0.51,0,0,0,0,abnormal
0,tcp,http,SF,322,6232,0,0,0,0,0,1,0,0,0,0,0,0,0,0,0,0,16,17,0,0,0,0,1,0,0.12,215,255,1,0,0,0.03,0,0,0,0,normal
0,tcp,http,SF,335,3221,0,0,0,0,0,1,0,0,0,0,0,0,0,0,0,0,15,35,0,0,0,0,1,0,0.09,55,255,1,0,0.02,0.04,0,0.01,0,0,normal
0,tcp,http,SF,313,1220,0,0,0,0,0,1,0,0,0,0,0,0,0,0,0,0,11,11,0,0,0,0,1,0,0,56,255,1,0,0.02,0.04,0,0,0,0,normal
0,tcp,http,SF,219,4680,0,0,0,0,0,1,0,0,0,0,0,0,0,0,0,0,2,2,0,0,0,0,1,0,0,2,255,1,0,0.5,0.04,0,0,0,0,normal
2,tcp,smtp,SF,2524,321,0,0,0,0,0,1,0,0,0,0,0,0,0,0,0,0,1,3,0,0,0,0,1,0,1,143,224,0.82,0.02,0.01,0.01,0,0,0,0,normal
0,tcp,http,SF,339,1497,0,0,0,0,0,1,0,0,0,0,0,0,0,0,0,0,13,13,0,0,0,0,1,0,0,51,247,1,0,0.02,0.13,0,0,0.06,0.78,normal
0,tcp,private,REJ,0,0,0,0,0,0,0,0,0,0,0,0,0,0,0,0,0,0,260,1,0.08,0,0.87,1,0,1,0,255,1,0,1,0,0,0.08,0,0.87,1,abnormal
0,tcp,http,SF,195,1428,0,0,0,0,0,1,0,0,0,0,0,0,0,0,0,0,8,8,0,0,0,0,1,0,0,52,255,1,0,0.02,0.04,0,0,0,0,normal
0,tcp,daytime,RSTO,0,0,0,0,0,0,0,0,0,0,0,0,0,0,0,0,0,0,254,4,0,0,1,1,0.02,0.07,0,255,4,0.02,0.08,0,0,0,0,1,1,abnormal
0,tcp,http,SF,306,5551,0,0,0,0,0,1,0,0,0,0,0,0,0,0,0,0,11,11,0,0,0,0,1,0,0,255,255,1,0,0,0,0,0,0,0,normal
0,udp,domain_u,SF,43,43,0,0,0,0,0,0,0,0,0,0,0,0,0,0,0,0,94,174,0,0,0,0,1,0,0.01,255,255,1,0,0.01,0,0,0,0,0,normal
0,tcp,http,SF,289,1745,0,0,0,0,0,1,0,0,0,0,0,0,0,0,0,0,18,53,0,0,0,0,1,0,0.08,84,255,1,0,0.01,0.01,0.01,0,0,0,normal
0,tcp,http,SF,329,624,0,0,0,0,0,1,0,0,0,0,0,0,0,0,0,0,8,9,0,0,0,0,1,0,0.22,8,255,1,0,0.12,0.05,0,0,0,0,normal
0,tcp,http,SF,237,5549,0,0,0,0,0,1,0,0,0,0,0,0,0,0,0,0,1,2,0,0,0,0,1,0,1,16,255,1,0,0.06,0.05,0,0,0,0,normal
0,tcp,private,S0,0,0,0,0,0,0,0,0,0,0,0,0,0,0,0,0,0,0,135,23,1,1,0,0,0.17,0.04,0,255,23,0.09,0.05,0,0,1,1,0,0,abnormal
0,tcp,ctf,S0,0,0,0,0,0,0,0,0,0,0,0,0,0,0,0,0,0,0,233,4,1,1,0,0,0.02,0.06,0,255,4,0.02,0.06,0,0,1,1,0,0,abnormal
0,tcp,auth,S0,0,0,0,0,0,0,0,0,0,0,0,0,0,0,0,0,0,0,238,7,1,1,0,0,0.03,0.06,0,255,15,0.06,0.06,0,0,1,1,0,0,abnormal
0,tcp,imap4,S0,0,0,0,0,0,0,0,0,0,0,0,0,0,0,0,0,0,0,39,8,1,1,0,0,0.21,0.15,0,255,8,0.03,0.09,0,0,1,1,0,0,abnormal
0,udp,domain_u,SF,45,120,0,0,0,0,0,0,0,0,0,0,0,0,0,0,0,0,2,4,0,0,0,0,1,0,0.5,255,254,1,0.01,0,0,0,0,0,0,normal
0,tcp,http,SF,295,14496,0,0,0,0,0,1,0,0,0,0,0,0,0,0,0,0,1,1,0,0,0,0,1,0,0,73,255,1,0,0.01,0.03,0,0,0,0,normal
0,tcp,efs,REJ,0,0,0,0,0,0,0,0,0,0,0,0,0,0,0,0,0,0,146,19,0,0,1,1,0.13,0.06,0,255,19,0.07,0.06,0,0,0,0,1,1,abnormal
0,tcp,http,SF,259,5071,0,0,0,0,0,1,0,0,0,0,0,0,0,0,0,0,6,6,0.17,0.17,0,0,1,0,0,255,255,1,0,0,0,0,0,0,0,normal
0,tcp,smtp,SF,1791,388,0,0,0,0,0,1,0,0,0,0,0,0,0,0,0,0,1,2,0,0,0,0,1,0,1,93,144,0.44,0.04,0.01,0.01,0,0,0.02,0,normal
0,udp,domain_u,SF,46,135,0,0,0,0,0,0,0,0,0,0,0,0,0,0,0,0,71,150,0,0,0,0,1,0,0.01,255,255,1,0,0,0,0,0,0,0,normal
0,tcp,http,SF,223,343,0,0,0,0,0,1,0,0,0,0,0,0,0,0,0,0,2,48,0,0,0,0,1,0,0.1,19,255,1,0,0.05,0.01,0,0,0,0,normal
0,tcp,domain,REJ,0,0,0,0,0,0,0,0,0,0,0,0,0,0,0,0,0,0,199,1,0,0,1,1,0.01,0.07,0,255,1,0,0.07,0,0,0,0,1,1,abnormal
11,tcp,smtp,SF,1435,337,0,0,0,0,0,1,0,0,0,0,0,0,0,0,0,0,1,2,0,0,0,0,1,0,1,87,142,0.38,0.02,0.01,0.01,0,0,0,0,normal
0,udp,ntp_u,SF,48,48,0,0,0,0,0,0,0,0,0,0,0,0,0,0,0,0,1,1,0,0,0,0,1,0,0,255,32,0.13,0.01,0.13,0,0,0,0,0,normal
0,tcp,http,SF,203,321,0,0,0,0,0,1,0,0,0,0,0,0,0,0,0,0,6,11,0,0,0,0,1,0,0.18,6,255,1,0,0.17,0.01,0,0,0,0,normal
0,tcp,private,S0,0,0,0,0,0,0,0,0,0,0,0,0,0,0,0,0,0,0,101,6,1,1,0,0,0.06,0.06,0,255,17,0.07,0.07,0,0,1,1,0,0,abnormal
0,udp,private,SF,1,0,0,0,0,0,0,0,0,0,0,0,0,0,0,0,0,0,19,5,0,0,0,0,0.26,0.42,0,255,5,0.02,0.8,0.24,0,0.1,0,0.66,0,abnormal
0,udp,domain_u,SF,33,87,0,0,0,0,0,0,0,0,0,0,0,0,0,0,0,0,1,2,0,0,0,0,1,0,1,51,233,1,0,1,0.01,0,0,0,0,normal
0,tcp,http,SF,223,3605,0,0,0,0,0,1,0,0,0,0,0,0,0,0,0,0,10,10,0,0,0,0,1,0,0,10,255,1,0,0.1,0.02,0,0.01,0,0,normal
0,tcp,http,SF,152,2578,0,0,0,0,0,1,0,0,0,0,0,0,0,0,0,0,1,1,0,0,0,0,1,0,0,28,255,1,0,0.04,0.04,0,0,0,0,normal
0,udp,domain_u,SF,32,0,0,0,0,0,0,0,0,0,0,0,0,0,0,0,0,0,1,2,0,0,0,0,1,0,1,120,65,0.17,0.04,0.17,0.03,0,0,0,0,normal
0,tcp,exec,S0,0,0,0,0,0,0,0,0,0,0,0,0,0,0,0,0,0,0,147,22,1,1,0,0,0.15,0.05,0,255,22,0.09,0.05,0,0,1,1,0,0,abnormal
0,tcp,telnet,S0,0,0,0,0,0,0,0,0,0,0,0,0,0,0,0,0,0,0,48,12,1,1,0,0,0.25,0.08,0,255,64,0.25,0.02,0.01,0,1,1,0,0,abnormal
0,tcp,http,SF,232,12587,0,0,0,0,0,1,0,0,0,0,0,0,0,0,0,0,1,1,0,0,0,0,1,0,0,12,255,1,0,0.08,0.03,0,0,0,0,normal
0,udp,domain_u,SF,43,131,0,0,0,0,0,0,0,0,0,0,0,0,0,0,0,0,75,155,0,0,0,0,1,0,0.01,255,254,1,0.01,0,0,0,0,0,0,normal
0,tcp,private,S0,0,0,0,0,0,0,0,0,0,0,0,0,0,0,0,0,0,0,209,19,1,1,0,0,0.09,0.06,0,255,16,0.06,0.08,0,0,1,1,0,0,abnormal
1,tcp,smtp,SF,1644,404,0,0,0,0,0,1,0,0,0,0,0,0,0,0,0,0,1,4,0,0,0,0,1,0,1,7,203,1,0,0.14,0.02,0,0,0,0,normal
0,tcp,http,SF,228,9345,0,0,0,0,0,1,0,0,0,0,0,0,0,0,0,0,11,11,0,0,0,0,1,0,0,33,255,1,0,0.03,0.02,0,0,0,0,normal
5,tcp,smtp,SF,723,336,0,0,0,0,0,1,0,0,0,0,0,0,0,0,0,0,1,1,0,0,0,0,1,0,0,161,178,0.69,0.02,0.01,0.01,0,0,0,0,normal
0,tcp,other,REJ,0,0,0,0,0,0,0,0,0,0,0,0,0,0,0,0,0,0,385,1,0.07,0,0.9,1,0,1,0,255,1,0,1,0,0,0.1,0,0.88,1,abnormal
0,tcp,http,SF,309,8736,0,0,0,0,0,1,0,0,0,0,0,0,0,0,0,0,1,5,0,0,0,0,1,0,0.6,3,255,1,0,0.33,0.05,0,0.01,0,0,normal
0,udp,private,SF,1,0,0,0,0,0,0,0,0,0,0,0,0,0,0,0,0,0,22,2,0,0,0,0,0.09,0.27,0,255,2,0.01,0.24,1,0,0,0,0,0,abnormal
7,tcp,smtp,SF,938,328,0,0,0,0,0,1,0,0,0,0,0,0,0,0,0,0,1,1,0,0,0,0,1,0,0,31,168,0.97,0.06,0.03,0.02,0,0,0,0,normal
0,tcp,private,REJ,0,0,0,0,0,0,0,0,0,0,0,0,0,0,0,0,0,0,195,1,0.07,0,0.87,1,0.01,0.99,0,255,1,0,0.77,0,0,0.05,0,0.67,1,abnormal
0,tcp,private,REJ,0,0,0,0,0,0,0,0,0,0,0,0,0,0,0,0,0,0,143,15,0,0,1,1,0.1,0.06,0,218,15,0.07,0.06,0,0,0,0,1,1,abnormal
0,tcp,domain,S0,0,0,0,0,0,0,0,0,0,0,0,0,0,0,0,0,0,0,244,4,1,1,0,0,0.02,0.06,0,255,4,0.02,0.06,0,0,1,1,0,0,abnormal
0,tcp,http,SF,292,285,0,0,0,0,0,1,0,0,0,0,0,0,0,0,0,0,19,24,0,0,0,0,1,0,0.21,255,255,1,0,0,0,0,0,0,0,normal
0,tcp,http,SF,186,4841,0,0,0,0,0,1,0,0,0,0,0,0,0,0,0,0,3,22,0,0,0,0,1,0,0.14,254,255,1,0,0,0.01,0,0,0,0,normal
0,tcp,http,SF,236,1098,0,0,0,0,0,1,0,0,0,0,0,0,0,0,0,0,3,3,0,0,0,0,1,0,0,24,255,1,0,0.04,0.04,0,0,0,0,normal
0,tcp,ftp_data,S0,0,0,0,0,0,0,0,0,0,0,0,0,0,0,0,0,0,0,21,5,1,1,0,0,0.24,0.19,0,255,64,0.25,0.02,0.01,0,1,1,0,0,abnormal
0,tcp,finger,RSTO,0,0,0,0,0,0,0,0,0,0,0,0,0,0,0,0,0,0,235,11,0,0,1,1,0.05,0.06,0,255,11,0.04,0.07,0,0,0,0,1,1,abnormal
0,tcp,http,SF,256,788,0,0,0,0,0,1,0,0,0,0,0,0,0,0,0,0,3,3,0,0,0,0,1,0,0,175,255,1,0,0.01,0.01,0,0,0,0,normal
0,tcp,time,S0,0,0,0,0,0,0,0,0,0,0,0,0,0,0,0,0,0,0,286,5,1,1,0,0,0.02,0.06,0,255,13,0.05,0.08,0,0,1,1,0,0,abnormal
0,icmp,eco_i,SF,18,0,0,0,0,0,0,0,0,0,0,0,0,0,0,0,0,0,1,1,0,0,0,0,1,0,0,4,184,1,0,1,0.25,0,0,0,0,abnormal
0,tcp,http,SF,222,3345,0,0,0,0,0,1,0,0,0,0,0,0,0,0,0,0,8,8,0,0,0,0,1,0,0,8,255,1,0,0.12,0.05,0,0,0,0,normal
0,tcp,uucp_path,S0,0,0,0,0,0,0,0,0,0,0,0,0,0,0,0,0,0,0,293,19,1,1,0,0,0.06,0.05,0,255,19,0.07,0.05,0,0,1,1,0,0,abnormal
0,tcp,private,S0,0,0,0,0,0,0,0,0,0,0,0,0,0,0,0,0,0,0,142,4,1,1,0,0,0.03,0.06,0,255,6,0.02,0.07,0,0,1,1,0,0,abnormal
0,tcp,private,S0,0,0,0,0,0,0,0,0,0,0,0,0,0,0,0,0,0,0,210,9,1,1,0,0,0.04,0.07,0,255,8,0.03,0.07,0,0,1,1,0,0,abnormal
0,tcp,private,S0,0,0,0,0,0,0,0,0,0,0,0,0,0,0,0,0,0,0,147,18,1,1,0,0,0.12,0.07,0,255,18,0.07,0.06,0,0,1,1,0,0,abnormal
0,tcp,http,SF,277,2445,0,0,0,0,0,1,0,0,0,0,0,0,0,0,0,0,16,34,0,0,0,0,1,0,0.06,16,255,1,0,0.06,0.01,0,0,0,0,normal
0,tcp,pop_3,S0,0,0,0,0,0,0,0,0,0,0,0,0,0,0,0,0,0,0,260,8,1,1,0,0,0.03,0.07,0,255,8,0.03,0.08,0,0,1,1,0,0,abnormal
0,tcp,auth,S0,0,0,0,0,0,0,0,0,0,0,0,0,0,0,0,0,0,0,226,17,1,1,0,0,0.08,0.05,0,255,17,0.07,0.05,0,0,1,1,0,0,abnormal
0,udp,domain_u,SF,43,128,0,0,0,0,0,0,0,0,0,0,0,0,0,0,0,0,211,291,0,0,0,0,1,0,0.01,255,253,0.99,0.01,0,0,0,0,0,0,normal
0,tcp,ftp_data,SF,2056,0,0,0,0,0,0,1,0,0,0,0,0,0,0,0,0,0,6,6,0,0,0,0,1,0,0,12,12,1,0,1,0,0,0,0,0,normal
0,tcp,http,SF,217,6081,0,0,0,0,0,1,0,0,0,0,0,0,0,0,0,0,3,3,0,0,0,0,1,0,0,30,255,1,0,0.03,0.05,0,0,0,0,normal
0,tcp,http,SF,212,2809,0,0,0,0,0,1,0,0,0,0,0,0,0,0,0,0,4,6,0,0,0,0,1,0,0.33,65,255,1,0,0.02,0.01,0,0,0,0,normal
0,tcp,private,S0,0,0,0,0,0,0,0,0,0,0,0,0,0,0,0,0,0,0,217,8,1,1,0,0,0.04,0.06,0,255,9,0.04,0.07,0,0,1,1,0,0,abnormal
0,udp,domain_u,SF,36,0,0,0,0,0,0,0,0,0,0,0,0,0,0,0,0,0,1,2,0,0,0,0,1,0,1,165,21,0.08,0.04,0.08,0.1,0,0,0,0,normal
0,tcp,http,SF,368,5262,0,0,0,0,0,1,0,0,0,0,0,0,0,0,0,0,5,5,0,0,0,0,1,0,0,255,255,1,0,0,0,0,0,0,0,normal
18683,tcp,other,RSTR,1,0,0,0,0,0,0,0,0,0,0,0,0,0,0,0,0,0,1,1,0,0,1,1,1,0,0,255,1,0,0.72,1,0,0,0,1,1,abnormal
0,tcp,courier,S0,0,0,0,0,0,0,0,0,0,0,0,0,0,0,0,0,0,0,114,12,1,1,0,0,0.11,0.06,0,255,12,0.05,0.05,0,0,1,1,0,0,abnormal
0,tcp,http,SF,217,4290,0,0,0,0,0,1,0,0,0,0,0,0,0,0,0,0,5,5,0,0,0,0,1,0,0,5,255,1,0,0.2,0.03,0,0,0,0,normal
0,tcp,http,SF,337,2086,0,0,0,0,0,1,0,0,0,0,0,0,0,0,0,0,10,18,0,0,0,0,1,0,0.11,146,255,1,0,0.01,0.02,0,0,0,0.04,normal
0,tcp,http_443,S0,0,0,0,0,0,0,0,0,0,0,0,0,0,0,0,0,0,0,142,9,1,1,0,0,0.06,0.06,0,255,9,0.04,0.06,0,0,1,1,0,0,abnormal
0,icmp,eco_i,SF,8,0,0,0,0,0,0,0,0,0,0,0,0,0,0,0,0,0,1,21,0,0,0,0,1,0,1,1,125,1,0,1,0.5,0,0,0,0,abnormal
0,tcp,nntp,S0,0,0,0,0,0,0,0,0,0,0,0,0,0,0,0,0,0,0,297,8,1,1,0,0,0.03,0.05,0,255,8,0.03,0.05,0,0,1,1,0,0,abnormal
0,tcp,efs,S0,0,0,0,0,0,0,0,0,0,0,0,0,0,0,0,0,0,0,142,19,1,1,0,0,0.13,0.06,0,255,6,0.02,0.06,0,0,1,1,0,0,abnormal
0,tcp,http,SF,166,13261,0,0,0,0,0,1,0,0,0,0,0,0,0,0,0,0,5,5,0,0,0,0,1,0,0,255,255,1,0,0,0,0,0,0,0,normal
0,tcp,telnet,S0,0,0,0,0,0,0,0,0,0,0,0,0,0,0,0,0,0,0,265,18,1,1,0,0,0.07,0.05,0,255,18,0.07,0.05,0,0,1,1,0,0,abnormal
0,icmp,eco_i,SF,8,0,0,0,0,0,0,0,0,0,0,0,0,0,0,0,0,0,1,41,0,0,0,0,1,0,1,3,219,1,0,1,0.25,0,0,0,0,abnormal
0,icmp,eco_i,SF,8,0,0,0,0,0,0,0,0,0,0,0,0,0,0,0,0,0,1,11,0,0,0,0,1,0,1,1,31,1,0,1,0.52,0,0,0,0,abnormal
0,icmp,ecr_i,SF,1032,0,0,0,0,0,0,0,0,0,0,0,0,0,0,0,0,0,511,511,0,0,0,0,1,0,0,255,118,0.46,0.02,0.46,0,0.02,0,0,0,abnormal
0,tcp,private,S0,0,0,0,0,0,0,0,0,0,0,0,0,0,0,0,0,0,0,273,3,1,1,0,0,0.01,0.06,0,255,1,0,0.07,0,0,1,1,0,0,abnormal
0,tcp,http,REJ,0,0,0,0,0,0,0,0,0,0,0,0,0,0,0,0,0,0,1,4,0,0,1,1,1,0,0.75,27,183,1,0,0.04,0.16,0,0,1,1,normal
0,tcp,http,SF,288,1830,0,0,0,0,0,1,0,0,0,0,0,0,0,0,0,0,4,4,0,0,0,0,1,0,0,4,255,1,0,0.25,0.05,0,0,0,0,normal
0,tcp,private,REJ,0,0,0,0,0,0,0,0,0,0,0,0,0,0,0,0,0,0,344,1,0.03,0,0.96,1,0,1,0,255,1,0,1,0,0,0.03,0,0.97,1,abnormal
0,tcp,vmnet,S0,0,0,0,0,0,0,0,0,0,0,0,0,0,0,0,0,0,0,211,2,1,1,0,0,0.01,0.06,0,255,18,0.07,0.07,0,0,1,1,0,0,abnormal
0,tcp,http,SF,293,5017,0,0,0,0,0,1,0,0,0,0,0,0,0,0,0,0,17,27,0,0,0,0,1,0,0.22,20,255,1,0,0.05,0.07,0,0,0,0,normal
0,tcp,netstat,S0,0,0,0,0,0,0,0,0,0,0,0,0,0,0,0,0,0,0,122,17,1,1,0,0,0.14,0.07,0,255,17,0.07,0.07,0,0,1,1,0,0,abnormal
0,tcp,bgp,S0,0,0,0,0,0,0,0,0,0,0,0,0,0,0,0,0,0,0,259,2,1,1,0,0,0.01,0.05,0,255,2,0.01,0.05,0,0,1,1,0,0,abnormal
0,tcp,bgp,S0,0,0,0,0,0,0,0,0,0,0,0,0,0,0,0,0,0,0,282,16,1,1,0,0,0.06,0.06,0,255,16,0.06,0.07,0,0,1,1,0,0,abnormal
0,tcp,http,SF,174,4885,0,0,0,0,0,1,0,0,0,0,0,0,0,0,0,0,2,3,0,0,0,0,1,0,0.67,90,255,1,0,0.01,0.04,0,0,0,0,normal
0,tcp,http,SF,272,880,0,0,0,0,0,1,0,0,0,0,0,0,0,0,0,0,4,4,0,0,0,0,1,0,0,4,255,1,0,0.25,0.04,0,0,0,0,normal
0,tcp,http,SF,235,1248,0,0,0,0,0,1,0,0,0,0,0,0,0,0,0,0,1,1,0,0,0,0,1,0,0,255,255,1,0,0.01,0,0,0,0,0,normal
0,tcp,exec,S0,0,0,0,0,0,0,0,0,0,0,0,0,0,0,0,0,0,0,112,17,1,1,0,0,0.15,0.07,0,255,18,0.07,0.07,0,0,1,1,0,0,abnormal
0,icmp,eco_i,SF,8,0,0,0,0,0,0,0,0,0,0,0,0,0,0,0,0,0,1,21,0,0,0,0,1,0,1,2,39,1,0,1,0.51,0,0,0,0,abnormal
0,tcp,netbios_dgm,S0,0,0,0,0,0,0,0,0,0,0,0,0,0,0,0,0,0,0,130,3,1,1,0,0,0.02,0.05,0,255,3,0.01,0.05,0,0,1,1,0,0,abnormal
0,tcp,http,SF,308,885,0,0,0,0,0,1,0,0,0,0,0,0,0,0,0,0,14,17,0,0,0,0,1,0,0.12,255,255,1,0,0,0,0,0,0,0,normal
0,tcp,efs,S0,0,0,0,0,0,0,0,0,0,0,0,0,0,0,0,0,0,0,126,18,1,1,0,0,0.14,0.06,0,255,18,0.07,0.07,0,0,1,1,0,0,abnormal
0,udp,domain_u,SF,43,129,0,0,0,0,0,0,0,0,0,0,0,0,0,0,0,0,21,101,0,0,0,0,1,0,0.02,135,104,0.77,0.01,0.01,0,0,0,0,0,normal
0,tcp,telnet,S0,0,0,0,0,0,0,0,0,0,0,0,0,0,0,0,0,0,0,74,17,1,1,0,0,0.23,0.05,0,255,58,0.23,0.02,0,0,1,1,0,0,abnormal
0,tcp,http,SF,298,454,0,0,0,0,0,1,0,0,0,0,0,0,0,0,0,0,2,2,0,0,0,0,1,0,0,2,223,1,0,0.5,0.09,0,0,0,0,normal
0,tcp,http,SF,236,821,0,0,0,0,0,1,0,0,0,0,0,0,0,0,0,0,3,5,0,0,0,0,1,0,0.6,3,255,1,0,0.33,0.02,0,0,0,0,normal
0,tcp,ftp,SF,1211,2447,0,0,0,28,0,1,0,0,0,0,0,0,0,0,0,1,1,1,0,0,0,0,1,0,0,255,137,0.54,0.02,0,0,0,0,0,0,abnormal
0,icmp,eco_i,SF,8,0,0,0,0,0,0,0,0,0,0,0,0,0,0,0,0,0,1,37,0,0,0,0,1,0,1,3,87,1,0,1,0.25,0,0,0,0,abnormal
0,tcp,http,SF,265,1594,0,0,0,0,0,1,0,0,0,0,0,0,0,0,0,0,11,11,0,0,0,0,1,0,0,255,255,1,0,0,0,0,0,0,0,normal
0,tcp,ftp_data,SF,15377,0,0,0,0,0,0,1,0,0,0,0,0,0,0,0,0,0,3,3,0,0,0,0,1,0,0,60,97,0.75,0.05,0.75,0.02,0,0,0,0,normal
0,tcp,http,REJ,0,0,0,0,0,0,0,0,0,0,0,0,0,0,0,0,0,0,2,3,0,0,1,1,1,0,0.67,4,255,1,0,0.25,0.05,0,0,1,0.29,normal
0,tcp,http,SF,54540,8314,0,0,0,2,0,1,1,0,0,0,0,0,0,0,0,0,4,4,0,0,0,0,1,0,0,255,255,1,0,0,0,0,0,0.02,0.02,abnormal
0,tcp,http,SF,240,6271,0,0,0,0,0,1,0,0,0,0,0,0,0,0,0,0,1,1,0,0,0,0,1,0,0,27,255,1,0,0.04,0.04,0,0,0,0,normal
0,tcp,other,REJ,0,0,0,0,0,0,0,0,0,0,0,0,0,0,0,0,0,0,400,1,0.07,0,0.9,1,0,1,0,255,1,0,1,0,0,0.08,0,0.91,1,abnormal
0,tcp,private,S0,0,0,0,0,0,0,0,0,0,0,0,0,0,0,0,0,0,0,149,13,1,1,0,0,0.09,0.05,0,255,2,0.01,0.05,0,0,1,1,0,0,abnormal
26,tcp,auth,SF,10,35,0,0,0,0,0,1,0,0,0,0,0,0,0,0,0,0,1,1,0,0,0,0,1,0,0,46,7,0.07,0.13,0.02,0.29,0,0,0,0,normal
0,tcp,vmnet,S0,0,0,0,0,0,0,0,0,0,0,0,0,0,0,0,0,0,0,201,21,1,1,0,0,0.1,0.05,0,255,21,0.08,0.05,0,0,1,1,0,0,abnormal
0,udp,other,SF,516,4,0,0,0,0,0,0,0,0,0,0,0,0,0,0,0,0,338,338,0,0,0,0,1,0,0,255,255,1,0,1,0,0,0,0,0,normal
0,tcp,ftp_data,REJ,0,0,0,0,0,0,0,0,0,0,0,0,0,0,0,0,0,0,129,15,0,0,1,1,0.12,0.06,0,255,15,0.06,0.06,0,0,0,0,1,1,abnormal
0,tcp,http,SF,214,1367,0,0,0,0,0,1,0,0,0,0,0,0,0,0,0,0,2,2,0,0,0,0,1,0,0,255,255,1,0,0,0,0,0,0,0,normal
0,tcp,http,SF,307,6443,0,0,0,0,0,1,0,0,0,0,0,0,0,0,0,0,3,3,0,0,0,0,1,0,0,255,255,1,0,0,0,0,0,0,0,normal
0,tcp,http,REJ,0,0,0,0,0,0,0,0,0,0,0,0,0,0,0,0,0,0,1,1,0,0,1,1,1,0,0,3,253,1,0,0.33,0.16,0,0,1,0.59,normal
0,tcp,smtp,SF,1318,328,0,0,0,0,0,1,0,0,0,0,0,0,0,0,0,0,1,2,0,0,0,0,1,0,1,75,148,0.44,0.04,0.01,0.01,0,0,0,0,normal
0,tcp,http,SF,311,4057,0,0,0,0,0,1,0,0,0,0,0,0,0,0,0,0,27,35,0,0,0,0,1,0,0.06,27,255,1,0,0.04,0.02,0,0,0,0,normal
0,tcp,http,RSTO,282,2920,0,0,0,0,0,1,0,0,0,0,0,0,0,0,0,0,4,4,0,0,0.5,0.5,1,0,0,125,255,1,0,0.01,0.02,0,0,0.02,0.01,normal
1219,udp,other,SF,147,105,0,0,0,0,0,0,0,0,0,0,0,0,0,0,0,0,6,2,0,0,0,0,0.33,0.5,0,255,2,0.01,0.43,0.93,0,0,0,0,0,normal
0,tcp,private,S0,0,0,0,0,0,0,0,0,0,0,0,0,0,0,0,0,0,0,146,7,1,1,0,0,0.05,0.05,0,255,5,0.02,0.06,0,0,1,1,0,0,abnormal
0,tcp,private,S0,0,0,0,0,0,0,0,0,0,0,0,0,0,0,0,0,0,0,283,16,1,1,0,0,0.06,0.06,0,255,2,0.01,0.09,0,0,1,1,0,0,abnormal
0,tcp,http,SF,301,871,0,0,0,0,0,1,0,0,0,0,0,0,0,0,0,0,24,24,0,0,0,0,1,0,0,62,255,1,0,0.02,0.01,0,0,0,0,normal
0,tcp,http,SF,235,8183,0,0,0,0,0,1,0,0,0,0,0,0,0,0,0,0,4,6,0,0,0,0,1,0,0.33,37,255,1,0,0.03,0.01,0,0,0,0,normal
0,tcp,ftp_data,SF,246,0,0,0,0,0,0,1,0,0,0,0,0,0,0,0,0,0,1,1,0,0,0,0,1,0,0,15,50,1,0,1,0.12,0,0.02,0,0,abnormal
0,tcp,private,S0,0,0,0,0,0,0,0,0,0,0,0,0,0,0,0,0,0,0,232,14,1,1,0,0,0.06,0.06,0,255,15,0.06,0.06,0,0,1,1,0,0,abnormal
0,tcp,ftp_data,SF,2878,0,0,0,0,0,0,1,0,0,0,0,0,0,0,0,0,0,2,1,0,0,0,0,0.5,1,0,30,28,0.93,0.1,0.93,0,0,0,0,0,normal
0,tcp,http,SF,195,4750,0,0,0,0,0,1,0,0,0,0,0,0,0,0,0,0,14,56,0,0,0,0,1,0,0.04,52,255,1,0,0.02,0.01,0,0,0,0,normal
0,tcp,private,S0,0,0,0,0,0,0,0,0,0,0,0,0,0,0,0,0,0,0,197,17,1,1,0,0,0.09,0.07,0,255,17,0.07,0.07,0,0,1,1,0,0,abnormal
13,tcp,smtp,SF,11610,1380,0,0,0,0,0,1,0,0,0,0,0,0,0,0,0,0,1,2,0,0,0,0,1,0,1,109,128,0.58,0.04,0.01,0.02,0,0,0,0,normal
0,tcp,http,SF,275,28312,0,0,0,0,0,1,0,0,0,0,0,0,0,0,0,0,2,6,0,0,0,0,1,0,0.5,28,255,1,0,0.04,0.09,0,0,0,0,normal
0,tcp,http,SF,166,386,0,0,0,0,0,1,0,0,0,0,0,0,0,0,0,0,1,2,0,0,0,0,1,0,1,33,255,1,0,0.03,0.02,0,0,0,0,normal
0,udp,domain_u,SF,45,75,0,0,0,0,0,0,0,0,0,0,0,0,0,0,0,0,220,220,0,0,0,0,1,0,0,255,233,0.91,0.01,0,0,0,0,0,0,normal
0,udp,private,SF,28,0,0,3,0,0,0,0,0,0,0,0,0,0,0,0,0,0,45,45,0,0,0,0,1,0,0,248,45,0.18,0.04,0.18,0,0.02,0,0,0,abnormal
0,icmp,ecr_i,SF,30,0,0,0,0,0,0,0,0,0,0,0,0,0,0,0,0,0,2,2,0,0,0,0,1,0,0,235,235,1,0,1,0,0,0,0,0,normal
0,tcp,telnet,S0,0,0,0,0,0,0,0,0,0,0,0,0,0,0,0,0,0,0,18,6,1,1,0,0,0.33,0.17,0,255,66,0.26,0.02,0.01,0,1,1,0,0,abnormal
0,tcp,http,SF,343,3062,0,0,0,0,0,1,0,0,0,0,0,0,0,0,0,0,23,23,0,0,0,0,1,0,0,255,255,1,0,0,0,0,0,0,0,normal
0,tcp,imap4,S0,0,0,0,0,0,0,0,0,0,0,0,0,0,0,0,0,0,0,254,2,1,1,0,0,0.01,0.06,0,255,7,0.03,0.06,0,0,1,1,0,0,abnormal
0,tcp,uucp,S0,0,0,0,0,0,0,0,0,0,0,0,0,0,0,0,0,0,0,122,17,1,1,0,0,0.14,0.06,0,255,17,0.07,0.06,0,0,1,1,0,0,abnormal
0,tcp,ftp_data,SF,567,0,0,0,0,0,0,0,0,0,0,0,0,0,0,0,0,0,2,1,0,0,0,0,0.5,1,0,238,19,0.08,0.03,0.08,0,0,0,0,0,normal
0,tcp,http,SF,289,2111,0,0,0,0,0,1,0,0,0,0,0,0,0,0,0,0,3,4,0,0,0,0,1,0,0.5,255,255,1,0,0,0,0,0,0,0,normal
0,tcp,telnet,S1,1960,6893,0,0,0,0,0,1,0,0,0,0,8,0,0,0,0,0,1,1,1,1,0,0,1,0,0,178,27,0.15,0.02,0.01,0.07,0.12,0.78,0,0,normal
0,tcp,http,SF,270,3247,0,0,0,0,0,1,0,0,0,0,0,0,0,0,0,0,7,7,0,0,0,0,1,0,0,21,45,1,0,0.05,0.04,0,0,0,0,normal
0,tcp,telnet,S0,0,0,0,0,0,0,0,0,0,0,0,0,0,0,0,0,0,0,12,2,1,1,0,0,0.17,0.33,0,255,63,0.25,0.02,0,0,1,1,0,0,abnormal
0,icmp,ecr_i,SF,520,0,0,0,0,0,0,0,0,0,0,0,0,0,0,0,0,0,200,200,0,0,0,0,1,0,0,255,255,1,0,1,0,0,0,0,0,abnormal
0,tcp,private,S0,0,0,0,0,0,0,0,0,0,0,0,0,0,0,0,0,0,0,235,6,1,1,0,0,0.03,0.06,0,255,15,0.06,0.07,0,0,1,1,0,0,abnormal
0,tcp,iso_tsap,S0,0,0,0,0,0,0,0,0,0,0,0,0,0,0,0,0,0,0,252,15,1,1,0,0,0.06,0.06,0,255,15,0.06,0.05,0,0,1,1,0,0,abnormal
0,icmp,eco_i,SF,8,0,0,0,0,0,0,0,0,0,0,0,0,0,0,0,0,0,1,23,0,0,0,0,1,0,1,2,188,1,0,1,0.5,0,0,0,0,abnormal
0,tcp,private,S0,0,0,0,0,0,0,0,0,0,0,0,0,0,0,0,0,0,0,206,4,1,1,0,0,0.02,0.07,0,255,5,0.02,0.08,0,0,1,1,0,0,abnormal
0,icmp,ecr_i,SF,1032,0,0,0,0,0,0,0,0,0,0,0,0,0,0,0,0,0,494,494,0,0,0,0,1,0,0,255,255,1,0,1,0,0,0,0,0,abnormal
0,tcp,private,REJ,0,0,0,0,0,0,0,0,0,0,0,0,0,0,0,0,0,0,64,1,0,0,0.92,1,0.02,1,0,189,1,0.01,0.4,0.01,0,0,0,0.33,1,abnormal
0,tcp,private,REJ,0,0,0,0,0,0,0,0,0,0,0,0,0,0,0,0,0,0,64,1,0.02,0,0.92,1,0.02,1,0,255,1,0,0.28,0,0,0,0,0.24,1,abnormal
0,tcp,other,REJ,0,0,0,0,0,0,0,0,0,0,0,0,0,0,0,0,0,0,510,1,0.1,0,0.9,1,0,1,0,255,1,0,1,0,0,0.01,0,0.99,1,abnormal
0,tcp,ftp_data,SF,3468,0,0,0,0,0,0,0,0,0,0,0,0,0,0,0,0,0,21,21,0,0,0,0,1,0,0,41,33,0.8,0.05,0.8,0,0,0,0,0,normal
0,tcp,private,REJ,0,0,0,0,0,0,0,0,0,0,0,0,0,0,0,0,0,0,149,19,0,0,1,1,0.13,0.06,0,255,34,0.13,0.05,0,0,0,0,1,1,abnormal
0,tcp,private,REJ,0,0,0,0,0,0,0,0,0,0,0,0,0,0,0,0,0,0,143,1,0.04,0,0.87,1,0.01,0.99,0,255,1,0,0.57,0,0,0.02,0,0.49,1,abnormal
0,tcp,ftp_data,SF,641,0,0,0,0,0,0,1,0,0,0,0,0,0,0,0,0,0,2,2,0,0,0,0,1,0,0,14,95,0.36,0.29,0.36,0.03,0,0,0,0,normal
26,tcp,ftp,SF,699,2077,0,0,0,14,0,1,0,0,0,0,0,0,0,0,0,1,1,1,0,0,0,0,1,0,0,197,32,0.16,0.04,0.01,0,0,0,0.01,0.06,normal
0,udp,private,SF,28,0,0,3,0,0,0,0,0,0,0,0,0,0,0,0,0,0,148,48,0.68,0,0,0,0.32,0.05,0,255,48,0.19,0.82,0.19,0,0.09,0,0.73,0,abnormal
0,icmp,eco_i,SF,8,0,0,0,0,0,0,0,0,0,0,0,0,0,0,0,0,0,1,26,0,0,0,0,1,0,1,3,143,1,0,1,0.25,0,0,0,0,abnormal
0,udp,other,SF,516,4,0,0,0,0,0,0,0,0,0,0,0,0,0,0,0,0,256,256,0,0,0,0,1,0,0,255,255,1,0,1,0,0,0,0,0,normal
0,udp,private,SF,105,0,0,0,0,0,0,0,0,0,0,0,0,0,0,0,0,0,2,2,0,0,0,0,1,0,0,255,236,0.93,0.01,0.02,0,0,0,0,0,normal
0,tcp,http,SF,324,1080,0,0,0,0,0,1,0,0,0,0,0,0,0,0,0,0,10,11,0,0,0,0,1,0,0.18,10,255,1,0,0.1,0.07,0,0,0,0,normal
0,udp,domain_u,SF,44,69,0,0,0,0,0,0,0,0,0,0,0,0,0,0,0,0,150,150,0,0,0,0,1,0,0,255,203,0.8,0.01,0,0,0,0,0,0,normal
0,tcp,private,S0,0,0,0,0,0,0,0,0,0,0,0,0,0,0,0,0,0,0,284,10,1,1,0,0,0.04,0.06,0,255,8,0.03,0.07,0,0,1,1,0,0,abnormal
0,icmp,ecr_i,SF,520,0,0,0,0,0,0,0,0,0,0,0,0,0,0,0,0,0,459,459,0,0,0,0,1,0,0,217,217,1,0,1,0,0,0,0,0,abnormal
0,tcp,other,REJ,0,0,0,0,0,0,0,0,0,0,0,0,0,0,0,0,0,0,366,1,0.06,0,0.91,1,0,1,0,255,1,0,1,0,0,0.08,0,0.91,1,abnormal
4,tcp,http,REJ,0,0,0,0,0,0,0,0,0,0,0,0,0,0,0,0,0,0,1,1,0,0,1,1,1,0,0,170,145,0.85,0.03,0.01,0,0,0,0.85,1,normal
0,tcp,private,S0,0,0,0,0,0,0,0,0,0,0,0,0,0,0,0,0,0,0,97,20,1,1,0,0,0.21,0.07,0,255,20,0.08,0.07,0,0,1,1,0,0,abnormal
2831,udp,other,SF,147,105,0,0,0,0,0,0,0,0,0,0,0,0,0,0,0,0,1,1,0,0,0,0,1,0,0,255,1,0,0.51,0.71,0,0,0,0,0,normal
0,tcp,ftp_data,S0,0,0,0,0,0,0,0,0,0,0,0,0,0,0,0,0,0,0,199,14,1,1,0,0,0.07,0.06,0,255,14,0.05,0.07,0,0,1,1,0,0,abnormal
0,tcp,http,SF,225,8159,0,0,0,0,0,1,0,0,0,0,0,0,0,0,0,0,13,17,0,0,0,0,1,0,0.18,62,255,1,0,0.02,0.02,0,0,0,0,normal
0,tcp,http_443,S0,0,0,0,0,0,0,0,0,0,0,0,0,0,0,0,0,0,0,114,20,0.99,1,0,0,0.18,0.07,0,255,20,0.08,0.05,0,0,1,1,0,0,abnormal
0,icmp,eco_i,SF,8,0,0,0,0,0,0,0,0,0,0,0,0,0,0,0,0,0,1,47,0,0,0,0,1,0,1,2,70,1,0,1,0.26,0,0,0,0,abnormal
0,tcp,klogin,S0,0,0,0,0,0,0,0,0,0,0,0,0,0,0,0,0,0,0,131,3,1,1,0,0,0.02,0.06,0,255,7,0.03,0.07,0,0,1,1,0,0,abnormal
0,tcp,finger,S0,0,0,0,0,0,0,0,0,0,0,0,0,0,0,0,0,0,0,242,4,1,1,0,0,0.02,0.07,0,255,3,0.01,0.07,0,0,1,1,0,0,abnormal
3,tcp,smtp,SF,3034,328,0,0,0,0,0,1,0,0,0,0,0,0,0,0,0,0,1,1,0,0,0,0,1,0,0,178,245,0.96,0.01,0.01,0.01,0,0,0,0,normal
20,udp,private,SF,105,147,0,0,0,0,0,0,0,0,0,0,0,0,0,0,0,0,2,2,0,0,0,0,1,0,0,255,235,0.92,0.01,0.01,0,0,0,0,0,normal
0,tcp,supdup,REJ,0,0,0,0,0,0,0,0,0,0,0,0,0,0,0,0,0,0,236,15,0,0,1,1,0.06,0.07,0,255,15,0.06,0.07,0,0,0,0,1,1,abnormal
0,icmp,ecr_i,SF,520,0,0,0,0,0,0,0,0,0,0,0,0,0,0,0,0,0,24,24,0,0,0,0,1,0,0,255,255,1,0,1,0,0,0,0,0,abnormal
0,udp,other,SF,516,4,0,0,0,0,0,0,0,0,0,0,0,0,0,0,0,0,429,429,0,0,0,0,1,0,0,255,255,1,0,1,0,0,0,0,0,normal
0,tcp,ftp_data,SF,1339,0,0,0,0,0,0,1,0,0,0,0,0,0,0,0,0,0,1,1,0,0,0,0,1,0,0,255,141,0.55,0.02,0.55,0,0,0,0,0,normal
0,tcp,http,SF,285,5969,0,0,0,0,0,1,0,0,0,0,0,0,0,0,0,0,14,14,0,0,0,0,1,0,0,14,255,1,0,0.07,0.02,0,0,0,0,normal
0,tcp,http,SF,215,11097,0,0,0,0,0,1,0,0,0,0,0,0,0,0,0,0,4,4,0,0,0,0,1,0,0,255,255,1,0,0,0,0,0,0.3,0.3,normal
0,tcp,http,SF,292,17367,0,0,0,0,0,1,0,0,0,0,0,0,0,0,0,0,30,30,0,0,0,0,1,0,0,255,255,1,0,0,0,0,0,0,0,normal
0,tcp,private,S0,0,0,0,0,0,0,0,0,0,0,0,0,0,0,0,0,0,0,231,9,1,1,0,0,0.04,0.06,0,255,9,0.04,0.09,0,0,1,1,0,0,abnormal
1,tcp,smtp,SF,867,327,0,0,0,0,0,1,0,0,0,0,0,0,0,0,0,0,1,1,0,0,0,0,1,0,0,116,70,0.6,0.03,0.01,0,0,0,0,0,normal
0,tcp,http,SF,239,2325,0,0,0,0,0,1,0,0,0,0,0,0,0,0,0,0,1,1,0,0,0,0,1,0,0,113,255,1,0,0.01,0.02,0,0,0,0,normal
0,tcp,http,S0,0,0,0,0,0,0,0,0,0,0,0,0,0,0,0,0,0,0,9,8,0.78,0.88,0.22,0.12,0.78,0.33,0.25,255,48,0.19,0.04,0,0,1,1,0,0,abnormal
0,tcp,telnet,S0,0,0,0,0,0,0,0,0,0,0,0,0,0,0,0,0,0,0,33,9,1,1,0,0,0.27,0.12,0,255,50,0.2,0.05,0.02,0,1,1,0,0,abnormal
0,tcp,kshell,S0,0,0,0,0,0,0,0,0,0,0,0,0,0,0,0,0,0,0,150,2,1,1,0,0,0.01,0.06,0,255,1,0,0.07,0,0,1,1,0,0,abnormal
0,tcp,http,SF,308,22941,0,0,0,0,0,1,0,0,0,0,0,0,0,0,0,0,16,17,0,0,0,0,1,0,0.12,158,255,1,0,0.01,0.04,0,0,0,0,normal
0,tcp,echo,S0,0,0,0,0,0,0,0,0,0,0,0,0,0,0,0,0,0,0,271,6,1,1,0,0,0.02,0.06,0,255,6,0.02,0.07,0,0,1,1,0,0,abnormal
0,icmp,ecr_i,SF,1032,0,0,0,0,0,0,0,0,0,0,0,0,0,0,0,0,0,373,373,0,0,0,0,1,0,0,255,255,1,0,1,0,0,0,0,0,abnormal
0,udp,domain_u,SF,44,121,0,0,0,0,0,0,0,0,0,0,0,0,0,0,0,0,240,241,0,0,0,0,1,0,0.01,255,197,0.77,0.01,0,0,0,0,0,0,normal
0,tcp,http,SF,266,691,0,0,0,0,0,1,0,0,0,0,0,0,0,0,0,0,4,4,0,0,0,0,1,0,0,255,255,1,0,0,0,0,0,0,0,normal
0,tcp,ftp_data,SF,334,0,0,0,0,0,0,1,0,0,0,0,0,0,0,0,0,0,1,1,0,0,0,0,1,0,0,3,29,1,0,1,0.21,0,0,0,0,abnormal
0,icmp,eco_i,SF,8,0,0,0,0,0,0,0,0,0,0,0,0,0,0,0,0,0,1,31,0,0,0,0,1,0,1,2,28,1,0,1,0.5,0,0,0,0,abnormal
2,tcp,smtp,SF,1011,365,0,0,0,0,0,1,0,0,0,0,0,0,0,0,0,0,1,2,0,0,0,0,1,0,1,82,126,0.78,0.05,0.01,0.02,0,0,0,0,normal
0,udp,other,SF,146,0,0,0,0,0,0,0,0,0,0,0,0,0,0,0,0,0,4,1,0,0,0,0,0.25,0.75,0,11,1,0.09,0.73,1,0,0,0,0,0,normal
0,tcp,supdup,S0,0,0,0,0,0,0,0,0,0,0,0,0,0,0,0,0,0,0,221,2,1,1,0,0,0.01,0.06,0,255,2,0.01,0.07,0,0,1,1,0,0,abnormal
0,tcp,http,SF,167,8182,0,0,0,0,0,1,0,0,0,0,0,0,0,0,0,0,1,1,0,0,0,0,1,0,0,61,255,1,0,0.02,0.01,0,0.01,0.02,0,normal
2275,udp,other,SF,145,105,0,0,0,0,0,0,0,0,0,0,0,0,0,0,0,0,1,1,0,0,0,0,1,0,0,255,3,0.01,0.83,0.99,0,0,0,0,0,normal
0,tcp,ftp,RSTO,0,0,0,0,0,0,0,0,0,0,0,0,0,0,0,0,0,0,255,19,0,0,1,1,0.07,0.06,0,255,19,0.07,0.08,0,0,0,0,1,1,abnormal
0,tcp,http,SF,280,263,0,0,0,0,0,1,0,0,0,0,0,0,0,0,0,0,15,18,0,0,0,0,1,0,0.17,241,255,1,0,0,0.02,0,0,0,0,normal
0,icmp,ecr_i,SF,1032,0,0,0,0,0,0,0,0,0,0,0,0,0,0,0,0,0,511,511,0,0,0,0,1,0,0,255,205,0.8,0.02,0.8,0,0,0,0.02,0,abnormal
0,tcp,http,SF,239,976,0,0,0,0,0,1,0,0,0,0,0,0,0,0,0,0,22,22,0,0,0,0,1,0,0,255,255,1,0,0.01,0,0,0,0,0,normal
0,tcp,http_443,REJ,0,0,0,0,0,0,0,0,0,0,0,0,0,0,0,0,0,0,103,1,0,0,1,1,0.01,0.08,0,255,1,0,0.06,0,0,0,0,1,1,abnormal
0,tcp,private,S0,0,0,0,0,0,0,0,0,0,0,0,0,0,0,0,0,0,0,96,7,1,1,0,0,0.07,0.06,0,255,30,0.12,0.06,0,0,1,1,0,0,abnormal
0,tcp,http,SF,255,3112,0,0,0,0,0,1,0,0,0,0,0,0,0,0,0,0,10,10,0,0,0,0,1,0,0,255,255,1,0,0,0,0,0,0,0,normal
0,tcp,http,SF,329,15850,0,0,0,0,0,1,0,0,0,0,0,0,0,0,0,0,9,9,0,0,0,0,1,0,0,15,255,1,0,0.07,0.04,0,0,0,0,normal
0,tcp,http,SF,219,1608,0,0,0,0,0,1,0,0,0,0,0,0,0,0,0,0,19,21,0,0,0,0,1,0,0.14,50,255,1,0,0.02,0.05,0,0,0,0,normal
1,tcp,smtp,SF,1232,326,0,0,0,0,0,1,0,0,0,0,0,0,0,0,0,0,1,1,0,0,0,0,1,0,0,255,12,0.05,0.55,0,0,0,0,0,0,normal
0,tcp,http,SF,234,36749,0,0,0,0,0,1,0,0,0,0,0,0,0,0,0,0,4,4,0,0,0,0,1,0,0,99,255,1,0,0.01,0.03,0,0,0,0,normal
0,tcp,http,S0,0,0,0,0,0,0,0,0,0,0,0,0,0,0,0,0,0,0,144,15,1,1,0,0,0.1,0.06,0,255,9,0.04,0.07,0,0,1,1,0,0,abnormal
23,tcp,ftp,SF,278,903,0,0,0,5,0,1,0,0,0,0,0,0,0,0,0,1,1,1,0,0,0,0,1,0,0,7,7,1,0,0.14,0,0,0,0,0,normal
0,udp,domain_u,SF,46,128,0,0,0,0,0,0,0,0,0,0,0,0,0,0,0,0,66,146,0,0,0,0,0.98,0.03,0.01,255,232,0.91,0.01,0,0,0,0,0,0,normal
0,tcp,http,SF,145,2954,0,0,0,0,0,1,0,0,0,0,0,0,0,0,0,0,1,1,0,0,0,0,1,0,0,1,255,1,0,1,0.01,0,0,0,0,normal
0,tcp,http,SF,182,24755,0,0,0,0,0,1,0,0,0,0,0,0,0,0,0,0,1,14,0,0,0,0,1,0,0.29,255,255,1,0,0,0,0,0,0,0,normal
39890,tcp,private,RSTR,1,0,0,0,0,0,0,0,0,0,0,0,0,0,0,0,0,0,2,2,0,0,1,1,1,0,0,255,2,0.01,0.5,1,0,0,0,1,1,abnormal
0,tcp,http,SF,277,6496,0,0,0,0,0,1,0,0,0,0,0,0,0,0,0,0,6,8,0,0,0,0,1,0,0.25,14,255,1,0,0.07,0.13,0,0,0.5,0.87,normal
0,tcp,http,SF,231,479,0,0,0,0,0,1,0,0,0,0,0,0,0,0,0,0,4,4,0,0,0,0,1,0,0,38,133,1,0,0.03,0.05,0,0,0,0,normal
0,tcp,domain,S0,0,0,0,0,0,0,0,0,0,0,0,0,0,0,0,0,0,0,268,5,1,1,0,0,0.02,0.06,0,255,5,0.02,0.07,0,0,1,1,0,0,abnormal
0,tcp,other,REJ,0,0,0,0,0,0,0,0,0,0,0,0,0,0,0,0,0,0,509,1,0.22,0,0.77,1,0,1,0,255,1,0,1,0,0,0.25,0,0.75,1,abnormal
0,tcp,http,SF,376,2752,0,0,0,0,0,1,0,0,0,0,0,0,0,0,0,0,36,59,0,0,0,0,1,0,0.03,255,255,1,0,0,0,0,0,0,0,normal
0,tcp,http,SF,281,7205,0,0,0,0,0,1,0,0,0,0,0,0,0,0,0,0,6,8,0,0,0,0,1,0,0.25,21,255,1,0,0.05,0.04,0,0,0,0,normal
0,tcp,http,SF,306,5833,0,0,0,0,0,1,0,0,0,0,0,0,0,0,0,0,3,3,0,0,0,0,1,0,0,3,241,1,0,0.33,0.03,0,0,0,0,normal
0,tcp,smtp,SF,636,336,0,0,0,0,0,1,0,0,0,0,0,0,0,0,0,0,1,4,0,0,0,0,1,0,1,79,238,0.95,0.03,0.01,0.01,0,0,0,0,normal
0,tcp,http,SF,341,2073,0,0,0,0,0,1,0,0,0,0,0,0,0,0,0,0,9,9,0,0,0,0,1,0,0,9,255,1,0,0.11,0.02,0,0,0,0,normal
0,tcp,http,SF,302,4841,0,0,0,0,0,1,0,0,0,0,0,0,0,0,0,0,2,3,0,0,0,0,1,0,0.67,29,255,1,0,0.03,0.04,0,0,0,0,normal
0,tcp,Z39_50,REJ,0,0,0,0,0,0,0,0,0,0,0,0,0,0,0,0,0,0,252,6,0,0,1,1,0.02,0.06,0,255,6,0.02,0.07,0,0,0,0,1,1,abnormal
6096,tcp,IRC,RSTR,1113,5267,0,0,0,0,0,1,0,0,0,0,0,0,0,0,0,0,2,1,0,0,0.5,1,0.5,1,0,162,32,0.2,0.02,0.01,0,0,0,0.15,0.78,normal
0,udp,private,SF,28,0,0,3,0,0,0,0,0,0,0,0,0,0,0,0,0,0,85,85,0,0,0,0,1,0,0,255,85,0.33,0.01,0.33,0,0,0,0,0,abnormal
0,tcp,mtp,REJ,0,0,0,0,0,0,0,0,0,0,0,0,0,0,0,0,0,0,232,18,0,0,1,1,0.08,0.06,0,255,18,0.07,0.07,0,0,0,0,1,1,abnormal
0,tcp,http,SF,284,1094,0,0,0,0,0,1,0,0,0,0,0,0,0,0,0,0,4,4,0,0,0,0,1,0,0,5,255,1,0,0.2,0.05,0,0,0,0,normal
0,tcp,ctf,REJ,0,0,0,0,0,0,0,0,0,0,0,0,0,0,0,0,0,0,254,8,0,0,1,1,0.03,0.07,0,255,8,0.03,0.07,0,0,0,0,1,1,abnormal
3,tcp,smtp,SF,724,337,0,0,0,0,0,1,0,0,0,0,0,0,0,0,0,0,1,2,0,0,0,0,1,0,1,193,190,0.7,0.02,0.01,0.01,0,0,0,0,normal
0,icmp,eco_i,SF,8,0,0,0,0,0,0,0,0,0,0,0,0,0,0,0,0,0,1,42,0,0,0,0,1,0,1,1,79,1,0,1,0.51,0,0,0,0,abnormal
0,icmp,eco_i,SF,30,0,0,0,0,0,0,0,0,0,0,0,0,0,0,0,0,0,1,1,0,0,0,0,1,0,0,91,90,0.99,0.02,0.99,0,0,0,0,0,normal
1,tcp,smtp,SF,1533,332,0,0,0,0,0,1,0,0,0,0,0,0,0,0,0,0,1,3,0,0,0,0,1,0,1,216,112,0.47,0.02,0,0.02,0.01,0.02,0,0,normal
0,tcp,http,SF,224,1126,0,0,0,0,0,1,0,0,0,0,0,0,0,0,0,0,18,36,0,0,0,0,1,0,0.08,133,255,1,0,0.01,0.03,0,0,0,0,normal
0,udp,domain_u,SF,46,71,0,0,0,0,0,0,0,0,0,0,0,0,0,0,0,0,216,216,0,0,0,0,1,0.01,0.01,255,254,1,0.01,0,0,0,0,0,0,normal
0,tcp,imap4,S0,0,0,0,0,0,0,0,0,0,0,0,0,0,0,0,0,0,0,233,15,1,1,0,0,0.06,0.06,0,255,14,0.05,0.08,0,0,1,1,0,0,abnormal
0,udp,private,SF,105,146,0,0,0,0,0,0,0,0,0,0,0,0,0,0,0,0,5,1,0,0,0,0,0.2,0.4,0,255,241,0.95,0.01,0,0,0,0,0,0,normal
0,tcp,private,S0,0,0,0,0,0,0,0,0,0,0,0,0,0,0,0,0,0,0,211,17,1,1,0,0,0.08,0.06,0,255,11,0.04,0.06,0,0,1,1,0,0,abnormal
0,tcp,http,SF,210,3183,0,0,0,0,0,1,0,0,0,0,0,0,0,0,0,0,2,5,0,0,0,0,1,0,0.6,96,255,1,0,0.01,0.04,0,0,0,0,normal
0,tcp,private,REJ,0,0,0,0,0,0,0,0,0,0,0,0,0,0,0,0,0,0,1,1,0,0,1,1,1,0,0,56,1,0.02,1,0.02,0,0,0,0.95,1,abnormal
0,tcp,http,SF,216,1819,0,0,0,0,0,1,0,0,0,0,0,0,0,0,0,0,34,34,0,0,0,0,1,0,0,136,255,1,0,0.01,0.02,0.01,0,0,0,normal
0,tcp,nnsp,S0,0,0,0,0,0,0,0,0,0,0,0,0,0,0,0,0,0,0,134,16,1,1,0,0,0.12,0.06,0,255,16,0.06,0.07,0,0,1,1,0,0,abnormal
0,tcp,private,REJ,0,0,0,0,0,0,0,0,0,0,0,0,0,0,0,0,0,0,3,1,0,0,0.67,1,0.33,1,0,255,1,0,0.12,0.04,0,0.49,0,0.04,1,abnormal
0,udp,domain_u,SF,45,129,0,0,0,0,0,0,0,0,0,0,0,0,0,0,0,0,212,288,0,0,0,0,1,0,0.01,255,253,0.99,0.01,0,0,0,0,0,0,normal
0,tcp,http,SF,54540,8314,0,0,0,2,0,1,1,0,0,0,0,0,0,0,0,0,2,2,0,0,0,0,1,0,0,255,255,1,0,0,0,0,0,0.03,0.03,abnormal
0,tcp,http,SF,210,6745,0,0,0,0,0,1,0,0,0,0,0,0,0,0,0,0,67,67,0,0,0,0,1,0,0,68,255,1,0,0.01,0.03,0,0,0,0,normal
0,tcp,http,SF,302,10233,0,0,0,0,0,1,0,0,0,0,0,0,0,0,0,0,25,25,0,0,0,0,1,0,0,255,255,1,0,0,0,0,0,0,0,normal
0,udp,domain_u,SF,46,78,0,0,0,0,0,0,0,0,0,0,0,0,0,0,0,0,264,264,0,0,0,0,1,0,0,255,254,1,0.01,0,0,0,0,0,0,normal
0,tcp,ftp_data,SF,201,0,0,0,0,0,0,0,0,0,0,0,0,0,0,0,0,0,2,2,0,0,0,0,1,0,0,255,102,0.4,0.02,0.4,0,0,0,0,0,normal
0,tcp,other,SF,10044,0,0,0,0,0,0,1,0,0,0,0,0,0,0,0,0,0,4,1,0,0,0,0,0.25,0.75,0,127,1,0.01,0.05,0.08,0,0,0,0,0,normal
0,udp,domain_u,SF,31,0,0,0,0,0,0,0,0,0,0,0,0,0,0,0,0,0,1,2,0,0,0,0,1,0,1,197,25,0.13,0.03,0.13,0,0.01,0,0,0,normal
0,tcp,private,S0,0,0,0,0,0,0,0,0,0,0,0,0,0,0,0,0,0,0,238,10,1,1,0,0,0.04,0.06,0,255,11,0.04,0.09,0,0,1,1,0,0,abnormal
0,tcp,private,S0,0,0,0,0,0,0,0,0,0,0,0,0,0,0,0,0,0,0,179,1,1,1,0,0,0.01,0.06,0,255,19,0.07,0.07,0,0,1,1,0,0,abnormal
0,icmp,ecr_i,SF,1032,0,0,0,0,0,0,0,0,0,0,0,0,0,0,0,0,0,511,511,0,0,0,0,1,0,0,255,192,0.75,0.15,0.75,0,0,0,0,0,abnormal
0,tcp,http,SF,213,1691,0,0,0,0,0,1,0,0,0,0,0,0,0,0,0,0,3,3,0,0,0,0,1,0,0,255,255,1,0,0,0,0,0,0,0,normal
0,tcp,netbios_dgm,S0,0,0,0,0,0,0,0,0,0,0,0,0,0,0,0,0,0,0,48,8,1,1,0,0,0.17,0.12,0,255,8,0.03,0.07,0,0,1,1,0,0,abnormal
0,tcp,ftp_data,SF,192,0,0,0,0,0,0,1,0,0,0,0,0,0,0,0,0,0,1,1,0,0,0,0,1,0,0,255,124,0.49,0.02,0.49,0,0,0,0,0,normal
0,tcp,private,S0,0,0,0,0,0,0,0,0,0,0,0,0,0,0,0,0,0,0,107,8,1,1,0,0,0.07,0.06,0,255,18,0.07,0.07,0,0,1,1,0,0,abnormal
0,tcp,http,SF,221,1215,0,0,0,0,0,1,0,0,0,0,0,0,0,0,0,0,6,6,0,0,0,0,1,0,0,255,255,1,0,0,0,0,0,0,0,normal
0,tcp,http,SF,240,294,0,0,0,0,0,1,0,0,0,0,0,0,0,0,0,0,12,12,0,0,0,0,1,0,0,255,255,1,0,0,0,0,0,0,0,normal
0,tcp,http,SF,198,420,0,0,0,0,0,1,0,0,0,0,0,0,0,0,0,0,6,30,0,0,0,0,1,0,0.1,20,255,1,0,0.05,0.04,0,0,0,0,normal
0,tcp,http,SF,300,1451,0,0,0,0,0,1,0,0,0,0,0,0,0,0,0,0,6,7,0,0,0,0,1,0,0.29,30,255,1,0,0.03,0.03,0.03,0,0,0,normal
0,udp,domain_u,SF,45,129,0,0,0,0,0,0,0,0,0,0,0,0,0,0,0,0,181,180,0,0,0,0,0.99,0.01,0,70,37,0.53,0.03,0.01,0,0,0,0,0,normal
0,tcp,http,SF,206,1189,0,0,0,0,0,1,0,0,0,0,0,0,0,0,0,0,8,10,0,0,0,0,1,0,0.3,127,255,1,0,0.01,0.03,0,0,0,0,normal
0,tcp,http,S0,0,0,0,0,0,0,0,0,0,0,0,0,0,0,0,0,0,0,64,18,1,1,0,0,0.28,0.06,0,144,38,0.26,0.03,0.01,0,1,1,0,0,abnormal
0,tcp,http,SF,300,4099,0,0,0,0,0,1,0,0,0,0,0,0,0,0,0,0,19,19,0,0,0,0,1,0,0,255,255,1,0,0,0,0,0,0,0,normal
0,udp,domain_u,SF,43,126,0,0,0,0,0,0,0,0,0,0,0,0,0,0,0,0,139,221,0,0,0,0,1,0,0.02,255,254,1,0.01,0,0,0,0,0,0,normal
0,tcp,private,S0,0,0,0,0,0,0,0,0,0,0,0,0,0,0,0,0,0,0,97,13,1,1,0,0,0.13,0.07,0,255,13,0.05,0.07,0,0,1,1,0,0,abnormal
0,udp,domain_u,SF,17,0,0,0,0,0,0,0,0,0,0,0,0,0,0,0,0,0,1,1,0,0,0,0,1,0,0,1,19,1,0,1,0.11,0,0,0,0,normal
0,udp,domain_u,SF,46,81,0,0,0,0,0,0,0,0,0,0,0,0,0,0,0,0,195,195,0,0,0,0,1,0,0,255,255,1,0,0,0,0,0,0,0,normal
0,tcp,http,SF,373,542,0,0,0,0,0,1,0,0,0,0,0,0,0,0,0,0,1,39,0,0,0,0,1,0,0.1,26,255,1,0,0.04,0.06,0,0,0,0,normal
0,tcp,other,REJ,0,0,0,0,0,0,0,0,0,0,0,0,0,0,0,0,0,0,511,1,0.11,0,0.86,1,0,1,0,255,1,0,1,0,0,0.13,0,0.87,1,abnormal
0,tcp,http,SF,226,337,0,0,0,0,0,1,0,0,0,0,0,0,0,0,0,0,5,28,0,0,0,0,1,0,0.07,5,255,1,0,0.2,0.09,0,0.01,0,0,normal
0,tcp,http,SF,350,281,0,0,0,0,0,1,0,0,0,0,0,0,0,0,0,0,25,29,0,0,0,0,1,0,0.07,255,255,1,0,0,0,0,0,0,0,normal
0,icmp,eco_i,SF,8,0,0,0,0,0,0,0,0,0,0,0,0,0,0,0,0,0,1,27,0,0,0,0,1,0,1,1,44,1,0,1,0.52,0,0,0,0,abnormal
6375,udp,other,SF,147,105,0,0,0,0,0,0,0,0,0,0,0,0,0,0,0,0,4,2,0,0,0,0,0.5,0.5,0,255,2,0.01,0.63,0.94,0,0,0,0,0,normal
0,tcp,nnsp,S0,0,0,0,0,0,0,0,0,0,0,0,0,0,0,0,0,0,0,135,17,1,1,0,0,0.13,0.06,0,255,17,0.07,0.07,0,0,1,1,0,0,abnormal
0,tcp,echo,RSTO,0,0,0,0,0,0,0,0,0,0,0,0,0,0,0,0,0,0,253,19,0,0,1,1,0.08,0.06,0,255,19,0.07,0.07,0,0,0,0,1,1,abnormal
0,tcp,ldap,S0,0,0,0,0,0,0,0,0,0,0,0,0,0,0,0,0,0,0,121,18,1,1,0,0,0.15,0.06,0,255,18,0.07,0.05,0,0,1,1,0,0,abnormal
0,tcp,private,RSTR,0,0,0,0,0,0,0,0,0,0,0,0,0,0,0,0,0,0,1,1,0,0,1,1,1,0,0,94,1,0.01,0.5,0.49,0,0.06,0,0.47,1,abnormal
0,tcp,http,SF,293,1370,0,0,0,0,0,1,0,0,0,0,0,0,0,0,0,0,20,20,0,0,0,0,1,0,0,50,255,1,0,0.02,0.02,0,0,0,0,normal
0,tcp,http,SF,310,662,0,0,0,0,0,1,0,0,0,0,0,0,0,0,0,0,51,52,0,0,0,0,1,0,0.04,255,255,1,0,0,0,0,0,0,0,normal
0,tcp,ftp_data,SF,884,0,0,0,0,0,0,1,0,0,0,0,0,0,0,0,0,0,2,2,0,0,0,0,1,0,0,11,94,0.91,0.18,0.91,0.03,0,0,0,0,normal
0,tcp,private,REJ,0,0,0,0,0,0,0,0,0,0,0,0,0,0,0,0,0,0,114,1,0.01,0,0.91,1,0.01,1,0,255,1,0,0.46,0,0,0,0,0.41,1,abnormal
0,tcp,http,SF,188,3726,0,0,0,0,0,1,0,0,0,0,0,0,0,0,0,0,1,11,0,0,0,0,1,0,0.18,255,247,0.97,0.01,0,0,0,0,0,0,normal
0,udp,domain_u,SF,17,17,0,0,0,0,0,0,0,0,0,0,0,0,0,0,0,0,1,2,0,0,0,0,1,0,1,255,234,0.92,0.01,0,0,0,0,0.02,0,normal
0,udp,private,SF,1,0,0,0,0,0,0,0,0,0,0,0,0,0,0,0,0,0,19,8,0,0,0,0,0.42,0.37,0,255,8,0.03,0.22,1,0,0,0,0,0,abnormal
0,tcp,ftp_data,SF,12,0,0,0,0,0,0,1,0,0,0,0,0,0,0,0,0,0,1,1,0,0,0,0,1,0,0,187,71,0.38,0.02,0.38,0,0,0,0,0,normal
0,tcp,pop_3,SF,66,2840,0,0,0,0,0,1,0,0,0,0,0,0,0,0,0,0,1,1,0,0,0,0,1,0,0,42,4,0.02,0.1,0.02,0.5,0,0.25,0,0,normal
2,tcp,smtp,SF,666,329,0,0,0,0,0,1,0,0,0,0,0,0,0,0,0,0,1,2,0,0,0,0,1,0,1,248,140,0.54,0.03,0,0.01,0,0,0,0,normal
0,tcp,private,S0,0,0,0,0,0,0,0,0,0,0,0,0,0,0,0,0,0,0,149,19,1,1,0,0,0.13,0.06,0,255,30,0.12,0.06,0,0,1,1,0,0,abnormal
0,tcp,other,REJ,0,0,0,0,0,0,0,0,0,0,0,0,0,0,0,0,0,0,454,1,0.08,0,0.92,1,0,1,0,255,1,0,1,0,0,0.06,0,0.94,1,abnormal
0,tcp,http,SF,211,766,0,0,0,0,0,1,0,0,0,0,0,0,0,0,0,0,2,2,0,0,0,0,1,0,0,2,255,1,0,0.5,0.06,0,0,0,0,normal
0,tcp,iso_tsap,S0,0,0,0,0,0,0,0,0,0,0,0,0,0,0,0,0,0,0,260,8,1,1,0,0,0.03,0.05,0,255,8,0.03,0.05,0,0,1,1,0,0,abnormal
5,udp,domain_u,SF,42,42,0,0,0,0,0,0,0,0,0,0,0,0,0,0,0,0,2,3,0,0,0,0,1,0,0.67,255,255,1,0,0,0,0,0,0,0,normal
33,tcp,ftp,SF,1531,4152,0,0,0,30,0,1,0,0,0,0,0,0,0,0,0,1,1,1,0,0,0,0,1,0,0,98,18,0.18,0.05,0.01,0,0,0,0,0,normal
0,icmp,ecr_i,SF,1032,0,0,0,0,0,0,0,0,0,0,0,0,0,0,0,0,0,283,283,0,0,0,0,1,0,0,255,185,0.73,0.02,0.73,0,0,0,0.21,0,abnormal
0,tcp,private,S0,0,0,0,0,0,0,0,0,0,0,0,0,0,0,0,0,0,0,79,12,1,1,0,0,0.15,0.06,0,255,20,0.08,0.08,0,0,1,1,0,0,abnormal
29,udp,domain_u,SF,44,44,0,0,0,0,0,0,0,0,0,0,0,0,0,0,0,0,6,8,0,0,0,0,0.17,0.33,0.25,112,107,0.96,0.02,0.01,0,0,0,0,0,normal
0,icmp,ecr_i,SF,1032,0,0,0,0,0,0,0,0,0,0,0,0,0,0,0,0,0,202,202,0,0,0,0,1,0,0,255,202,0.79,0.01,0.79,0,0,0,0,0,abnormal
0,tcp,nnsp,S0,0,0,0,0,0,0,0,0,0,0,0,0,0,0,0,0,0,0,142,14,1,1,0,0,0.1,0.06,0,255,13,0.05,0.06,0,0,1,1,0,0,abnormal
0,tcp,other,REJ,0,0,0,0,0,0,0,0,0,0,0,0,0,0,0,0,0,0,511,1,0.08,0,0.92,1,0,1,0,255,1,0,1,0,0,0.02,0,0.98,1,abnormal
0,tcp,private,S0,0,0,0,0,0,0,0,0,0,0,0,0,0,0,0,0,0,0,201,7,1,1,0,0,0.03,0.05,0,255,7,0.03,0.05,0,0,1,1,0,0,abnormal
0,tcp,http,SF,187,1364,0,0,0,0,0,1,0,0,0,0,0,0,0,0,0,0,8,17,0,0,0,0,1,0,0.24,255,255,1,0,0.01,0,0,0,0,0,normal
7,tcp,smtp,SF,964,331,0,0,0,0,0,1,0,0,0,0,0,0,0,0,0,0,1,1,0,0,0,0,1,0,0,106,70,0.66,0.04,0.01,0,0,0,0,0,normal
0,tcp,private,REJ,0,0,0,0,0,0,0,0,0,0,0,0,0,0,0,0,0,0,39,1,0.15,0,0.85,1,0.03,1,0,255,1,0,0.47,0,0,0.02,0,0.14,1,abnormal
0,tcp,http,SF,238,2997,0,0,0,0,0,1,0,0,0,0,0,0,0,0,0,0,2,52,0,0,0,0,1,0,0.1,70,255,1,0,0.01,0.02,0,0,0,0,normal
0,tcp,http,SF,286,310,0,0,0,0,0,1,0,0,0,0,0,0,0,0,0,0,3,4,0,0,0,0,1,0,0.5,112,255,1,0,0.01,0.02,0,0,0,0,normal
0,tcp,http,SF,200,337,0,0,0,0,0,1,0,0,0,0,0,0,0,0,0,0,17,17,0,0,0,0,1,0,0,255,255,1,0,0,0,0,0,0,0,normal
0,tcp,Z39_50,S0,0,0,0,0,0,0,0,0,0,0,0,0,0,0,0,0,0,0,246,5,1,1,0,0,0.02,0.07,0,255,5,0.02,0.07,0,0,1,1,0,0,abnormal
0,tcp,private,S0,0,0,0,0,0,0,0,0,0,0,0,0,0,0,0,0,0,0,65,14,1,1,0,0,0.22,0.08,0,255,14,0.05,0.08,0,0,1,1,0,0,abnormal
0,tcp,http,SF,306,526,0,0,0,0,0,1,0,0,0,0,0,0,0,0,0,0,1,14,0,0,0,0,1,0,0.21,4,255,1,0,0.25,0.06,0,0,0,0,normal
0,tcp,http,SF,222,7533,0,0,0,0,0,1,0,0,0,0,0,0,0,0,0,0,4,9,0,0,0,0,1,0,0.44,4,255,1,0,0.25,0.06,0,0,0,0,normal
0,tcp,imap4,REJ,0,0,0,0,0,0,0,0,0,0,0,0,0,0,0,0,0,0,233,3,0,0,1,1,0.01,0.07,0,255,3,0.01,0.07,0,0,0,0,1,1,abnormal
1,tcp,smtp,SF,1162,394,0,0,0,0,0,1,0,0,0,0,0,0,0,0,0,0,1,3,0,0,0,0,1,0,1,49,173,0.8,0.04,0.02,0.01,0,0,0,0,normal
0,tcp,ftp_data,SF,7162,0,0,0,0,0,0,0,0,0,0,0,0,0,0,0,0,0,4,4,0,0,0,0,1,0,0,67,96,0.45,0.07,0.45,0.02,0.01,0,0,0,normal
0,tcp,http,SF,345,2254,0,0,0,0,0,1,0,0,0,0,0,0,0,0,0,0,5,28,0,0,0,0,1,0,0.11,27,255,1,0,0.04,0.04,0,0,0,0,normal
0,tcp,smtp,SF,1078,328,0,0,0,0,0,1,0,0,0,0,0,0,0,0,0,0,1,2,0,0,0,0,1,0,1,63,7,0.11,0.67,0.02,0,0,0,0,0,normal
0,tcp,private,REJ,0,0,0,0,0,0,0,0,0,0,0,0,0,0,0,0,0,0,106,2,0,0,0.99,1,0.02,0.08,0,255,2,0.01,0.07,0,0,0,0,1,1,abnormal
0,tcp,http,SF,223,857,0,0,0,0,0,1,0,0,0,0,0,0,0,0,0,0,16,16,0,0,0,0,1,0,0,43,255,1,0,0.02,0.04,0,0,0,0,normal
0,tcp,netbios_dgm,S0,0,0,0,0,0,0,0,0,0,0,0,0,0,0,0,0,0,0,241,21,1,1,0,0,0.09,0.05,0,255,21,0.08,0.06,0,0,1,1,0,0,abnormal
0,udp,domain_u,SF,45,78,0,0,0,0,0,0,0,0,0,0,0,0,0,0,0,0,160,160,0,0,0,0,1,0,0,255,254,1,0.01,0,0,0,0,0,0,normal
0,tcp,ftp,S0,0,0,0,0,0,0,0,0,0,0,0,0,0,0,0,0,0,0,234,11,1,1,0,0,0.05,0.07,0,255,11,0.04,0.07,0,0,1,1,0,0,abnormal
0,tcp,private,S0,0,0,0,0,0,0,0,0,0,0,0,0,0,0,0,0,0,0,115,13,1,1,0,0,0.11,0.07,0,255,18,0.07,0.06,0,0,1,1,0,0,abnormal
0,tcp,http,SF,226,557,0,0,0,0,0,1,0,0,0,0,0,0,0,0,0,0,15,15,0,0,0,0,1,0,0,35,255,1,0,0.03,0.06,0,0,0,0,normal
0,tcp,http,SF,221,4060,0,0,0,0,0,1,0,0,0,0,0,0,0,0,0,0,2,7,0,0.29,0,0,1,0,0.43,255,255,1,0,0,0,0,0,0,0,normal
0,udp,other,SF,516,4,0,0,0,0,0,0,0,0,0,0,0,0,0,0,0,0,126,126,0,0,0,0,1,0,0,126,126,1,0,1,0,0,0,0,0,normal
0,tcp,private,S0,0,0,0,0,0,0,0,0,0,0,0,0,0,0,0,0,0,0,227,6,1,1,0,0,0.03,0.07,0,255,15,0.06,0.07,0,0,1,1,0,0,abnormal
0,tcp,uucp_path,S0,0,0,0,0,0,0,0,0,0,0,0,0,0,0,0,0,0,0,294,20,1,1,0,0,0.07,0.05,0,255,18,0.07,0.07,0,0,1,1,0,0,abnormal
0,tcp,hostnames,S0,0,0,0,0,0,0,0,0,0,0,0,0,0,0,0,0,0,0,285,4,1,1,0,0,0.01,0.05,0,255,4,0.02,0.05,0,0,1,1,0,0,abnormal
0,tcp,http,SF,194,26992,0,0,0,0,0,1,0,0,0,0,0,0,0,0,0,0,3,12,0,0,0,0,1,0,0.17,13,255,1,0,0.08,0.05,0,0,0,0,normal
0,udp,domain_u,SF,45,73,0,0,0,0,0,0,0,0,0,0,0,0,0,0,0,0,296,296,0,0,0,0,1,0,0,255,254,1,0.01,0,0,0,0,0,0,normal
0,icmp,ecr_i,SF,1032,0,0,0,0,0,0,0,0,0,0,0,0,0,0,0,0,0,511,511,0,0,0,0,1,0,0,255,118,0.46,0.07,0.46,0,0,0,0,0,abnormal
0,tcp,uucp,RSTO,0,0,0,0,0,0,0,0,0,0,0,0,0,0,0,0,0,0,110,7,0,0,1,1,0.06,0.07,0,255,7,0.03,0.07,0,0,0,0,1,1,abnormal
0,tcp,other,SF,8325,0,0,0,0,0,0,0,0,0,0,0,0,0,0,0,0,0,19,1,0.05,0,0,0,0.05,0.74,0,191,1,0.01,0.09,0.4,0,0.01,0,0,0,normal
0,tcp,ctf,S0,0,0,0,0,0,0,0,0,0,0,0,0,0,0,0,0,0,0,144,5,1,1,0,0,0.03,0.06,0,255,4,0.02,0.07,0,0,1,1,0,0,abnormal
0,tcp,http,SF,176,4045,0,0,0,0,0,1,0,0,0,0,0,0,0,0,0,0,11,23,0,0,0,0,1,0,0.13,35,255,1,0,0.03,0.04,0,0,0,0,normal
0,udp,private,SF,1,0,0,0,0,0,0,0,0,0,0,0,0,0,0,0,0,0,2,2,0,0,0,0,1,0,0,70,2,0.03,0.07,0.07,0,0,0,0,0,abnormal
0,udp,ntp_u,SF,48,48,0,0,0,0,0,0,0,0,0,0,0,0,0,0,0,0,1,1,0,0,0,0,1,0,0,109,51,0.47,0.04,0.47,0,0,0,0,0,normal
0,tcp,csnet_ns,REJ,0,0,0,0,0,0,0,0,0,0,0,0,0,0,0,0,0,0,254,19,0,0,1,1,0.07,0.06,0,255,19,0.07,0.07,0,0,0,0,1,1,abnormal
0,tcp,csnet_ns,S0,0,0,0,0,0,0,0,0,0,0,0,0,0,0,0,0,0,0,252,21,1,1,0,0,0.08,0.05,0,255,21,0.08,0.05,0,0,1,1,0,0,abnormal
0,tcp,ftp_data,SF,35195,0,0,0,0,0,0,0,0,0,0,0,0,0,0,0,0,0,22,22,0,0,0,0,1,0,0,201,78,0.39,0.03,0.39,0,0,0,0,0,normal
5260,udp,other,SF,146,105,0,0,0,0,0,0,0,0,0,0,0,0,0,0,0,0,1,1,0,0,0,0,1,0,0,255,4,0.02,0.57,0.81,0,0,0,0,0,normal
0,tcp,ctf,REJ,0,0,0,0,0,0,0,0,0,0,0,0,0,0,0,0,0,0,270,11,0,0,1,1,0.04,0.06,0,255,11,0.04,0.07,0,0,0,0,1,1,abnormal
0,tcp,http,SF,206,14017,0,0,0,0,0,1,0,0,0,0,0,0,0,0,0,0,14,14,0,0,0,0,1,0,0,255,255,1,0,0,0,0,0,0,0,normal
0,tcp,http,SF,369,6968,0,0,0,0,0,1,0,0,0,0,0,0,0,0,0,0,2,2,0,0,0,0,1,0,0,70,255,1,0,0.01,0.01,0,0,0,0,normal
0,tcp,echo,RSTO,0,0,0,0,0,0,0,0,0,0,0,0,0,0,0,0,0,0,189,1,0,0,1,1,0.01,0.07,0,255,1,0,0.07,0,0,0,0,1,1,abnormal
0,tcp,iso_tsap,S0,0,0,0,0,0,0,0,0,0,0,0,0,0,0,0,0,0,0,233,14,1,1,0,0,0.06,0.06,0,255,14,0.05,0.06,0,0,1,1,0,0,abnormal
0,tcp,http,SF,207,2241,0,0,0,0,0,1,0,0,0,0,0,0,0,0,0,0,1,11,0,0,0,0,1,0,0.27,172,255,1,0,0.01,0.02,0,0,0,0,normal
0,tcp,private,S0,0,0,0,0,0,0,0,0,0,0,0,0,0,0,0,0,0,0,275,9,1,1,0,0,0.03,0.06,0,255,11,0.04,0.08,0,0,1,1,0,0,abnormal
0,tcp,http,SF,284,396,0,0,0,0,0,1,0,0,0,0,0,0,0,0,0,0,3,3,0,0,0,0,1,0,0,5,255,1,0,0.2,0.04,0,0,0,0,normal
0,tcp,http,SF,212,3692,0,0,0,0,0,1,0,0,0,0,0,0,0,0,0,0,2,2,0,0,0,0,1,0,0,255,255,1,0,0,0,0,0,0,0,normal
0,tcp,ftp,S0,0,0,0,0,0,0,0,0,0,0,0,0,0,0,0,0,0,0,266,5,1,1,0,0,0.02,0.06,0,255,1,0,0.09,0,0,1,1,0,0,abnormal
0,tcp,private,REJ,0,0,0,0,0,0,0,0,0,0,0,0,0,0,0,0,0,0,278,1,0.03,0,0.95,1,0,1,0,255,1,0,0.97,0,0,0.04,0,0.92,1,abnormal
0,tcp,ftp_data,SF,334,0,0,0,0,0,0,1,0,0,0,0,0,0,0,0,0,0,2,2,0,0,0,0,1,0,0,4,47,1,0,1,0.13,0,0,0,0,abnormal
0,tcp,ldap,REJ,0,0,0,0,0,0,0,0,0,0,0,0,0,0,0,0,0,0,115,7,0,0,1,1,0.06,0.08,0,239,7,0.03,0.07,0,0,0,0,1,1,abnormal
0,tcp,http,SF,228,452,0,0,0,0,0,1,0,0,0,0,0,0,0,0,0,0,8,8,0,0,0,0,1,0,0,16,255,1,0,0.06,0.04,0,0,0,0,normal
0,tcp,auth,S0,0,0,0,0,0,0,0,0,0,0,0,0,0,0,0,0,0,0,206,11,1,1,0,0,0.05,0.06,0,255,11,0.04,0.07,0,0,1,1,0,0,abnormal
0,tcp,http,SF,234,1705,0,0,0,0,0,1,0,0,0,0,0,0,0,0,0,0,3,3,0,0,0,0,1,0,0,124,255,1,0,0.01,0.01,0,0,0,0,normal
0,udp,domain_u,SF,43,43,0,0,0,0,0,0,0,0,0,0,0,0,0,0,0,0,142,222,0,0,0,0,1,0,0.01,255,254,1,0.01,0.01,0,0,0,0,0,normal
0,tcp,http,SF,315,2251,0,0,0,0,0,1,0,0,0,0,0,0,0,0,0,0,1,6,0,0,0,0,1,0,0.67,255,255,1,0,0,0,0,0,0,0,normal
0,udp,private,SF,105,146,0,0,0,0,0,0,0,0,0,0,0,0,0,0,0,0,10,1,0,0,0,0,0.1,0.2,0,255,225,0.88,0.01,0,0,0,0,0,0,normal
0,tcp,http,SF,211,356,0,0,0,0,0,1,0,0,0,0,0,0,0,0,0,0,26,30,0,0,0,0,1,0,0.1,230,255,1,0,0,0.01,0,0,0,0,normal
0,tcp,http,SF,199,466,0,0,0,0,0,1,0,0,0,0,0,0,0,0,0,0,26,52,0,0,0,0,1,0,0.08,255,255,1,0,0,0,0,0,0,0,normal
0,tcp,telnet,S0,0,0,0,0,0,0,0,0,0,0,0,0,0,0,0,0,0,0,36,8,0.97,1,0.03,0,0.22,0.14,0,255,28,0.11,0.05,0.01,0,1,1,0,0,abnormal
0,icmp,ecr_i,SF,1032,0,0,0,0,0,0,0,0,0,0,0,0,0,0,0,0,0,50,50,0,0,0,0,1,0,0,255,50,0.2,0.02,0.2,0,0,0,0,0,abnormal
0,tcp,http,SF,217,1079,0,0,0,0,0,1,0,0,0,0,0,0,0,0,0,0,4,4,0.25,0.25,0,0,1,0,0,29,255,1,0,0.03,0.04,0.03,0.01,0,0.01,normal
0,tcp,telnet,S0,0,0,0,0,0,0,0,0,0,0,0,0,0,0,0,0,0,0,66,13,1,1,0,0,0.2,0.06,0,255,62,0.24,0.02,0.02,0,1,1,0,0,abnormal
0,udp,private,SF,105,145,0,0,0,0,0,0,0,0,0,0,0,0,0,0,0,0,1,1,0,0,0,0,1,0,0,173,168,0.97,0.02,0.01,0,0,0,0,0,normal
0,tcp,private,REJ,0,0,0,0,0,0,0,0,0,0,0,0,0,0,0,0,0,0,1,1,0,0,1,1,1,0,0,31,2,0.03,1,0.03,1,0,0,0.94,1,abnormal
0,udp,private,SF,207,0,0,0,0,0,0,0,0,0,0,0,0,0,0,0,0,0,2,2,0,0,0,0,1,0,0,138,114,0.83,0.01,0.83,0,0,0,0,0,abnormal
0,tcp,bgp,REJ,0,0,0,0,0,0,0,0,0,0,0,0,0,0,0,0,0,0,115,4,0,0,1,1,0.03,0.09,0,255,4,0.02,0.07,0,0,0,0,1,1,abnormal
0,tcp,time,S0,0,0,0,0,0,0,0,0,0,0,0,0,0,0,0,0,0,0,120,15,1,1,0,0,0.12,0.06,0,255,15,0.06,0.08,0,0,1,1,0,0,abnormal
0,tcp,X11,S0,0,0,0,0,0,0,0,0,0,0,0,0,0,0,0,0,0,0,511,1,0.33,1,0.67,0,0,1,0,255,1,0,1,0,0,0.16,1,0.84,0,abnormal
0,tcp,hostnames,REJ,0,0,0,0,0,0,0,0,0,0,0,0,0,0,0,0,0,0,270,14,0,0,1,1,0.05,0.06,0,255,14,0.05,0.07,0,0,0,0,1,1,abnormal
0,udp,private,SF,215,0,0,0,0,0,0,0,0,0,0,0,0,0,0,0,0,0,1,1,0,0,0,0,1,0,0,199,167,0.84,0.01,0.84,0,0,0,0,0,abnormal
0,tcp,private,S0,0,0,0,0,0,0,0,0,0,0,0,0,0,0,0,0,0,0,224,13,1,1,0,0,0.06,0.07,0,255,15,0.06,0.05,0,0,1,1,0,0,abnormal
1,tcp,ftp,SF,1228,2451,0,0,0,28,0,1,0,0,0,0,0,0,0,0,0,1,1,1,0,0,0,0,1,0,0,255,117,0.46,0.02,0,0,0,0,0.01,0,abnormal
0,tcp,http,SF,214,5892,0,0,0,0,0,1,0,0,0,0,0,0,0,0,0,0,11,39,0,0.36,0,0,1,0,0.08,11,255,1,0,0.09,0.03,0,0,0,0,normal
0,udp,domain_u,SF,44,128,0,0,0,0,0,0,0,0,0,0,0,0,0,0,0,0,84,164,0,0,0,0,0.99,0.02,0.01,255,254,1,0.01,0,0,0,0,0,0,normal
0,tcp,http,SF,54540,8314,0,0,0,2,0,1,1,0,0,0,0,0,0,0,0,0,2,2,0,0,0,0,1,0,0,66,66,1,0,0.02,0,0,0,0.02,0.02,abnormal
0,tcp,http,SF,419,8545,0,0,0,0,0,1,0,0,0,0,0,0,0,0,0,0,13,13,0,0,0,0,1,0,0,97,245,1,0,0.01,0.17,0,0,0.12,0.65,normal
0,udp,domain_u,SF,46,132,0,0,0,0,0,0,0,0,0,0,0,0,0,0,0,0,133,213,0,0,0,0,1,0,0.01,255,255,1,0,0,0,0,0,0,0,normal
3,tcp,smtp,SF,980,330,0,0,0,0,0,1,0,0,0,0,0,0,0,0,0,0,1,1,0,0,0,0,1,0,0,54,49,0.91,0.06,0.02,0,0,0,0,0,normal
0,tcp,http,SF,203,3419,0,0,0,0,0,1,0,0,0,0,0,0,0,0,0,0,18,36,0.06,0.08,0,0,1,0,0.14,18,255,1,0,0.06,0.07,0.06,0.01,0,0,normal
0,tcp,http,SF,317,1175,0,0,0,0,0,1,0,0,0,0,0,0,0,0,0,0,1,7,0,0,0,0,1,0,0.71,7,255,1,0,0.14,0.04,0,0,0,0,normal
0,tcp,whois,REJ,0,0,0,0,0,0,0,0,0,0,0,0,0,0,0,0,0,0,238,17,0,0,1,1,0.07,0.06,0,255,17,0.07,0.06,0,0,0,0,1,1,abnormal
0,tcp,http,SF,237,2322,0,0,0,0,0,1,0,0,0,0,0,0,0,0,0,0,1,2,0,0,0,0,1,0,1,4,255,1,0,0.25,0.05,0,0,0,0,normal
0,tcp,telnet,S0,0,0,0,0,0,0,0,0,0,0,0,0,0,0,0,0,0,0,243,12,1,1,0,0,0.05,0.06,0,255,12,0.05,0.06,0,0,1,1,0,0,abnormal
0,tcp,http,REJ,0,0,0,0,0,0,0,0,0,0,0,0,0,0,0,0,0,0,238,17,0,0,1,1,0.07,0.07,0,255,17,0.07,0.07,0,0,0,0,1,1,abnormal
0,tcp,http,SF,301,2653,0,0,0,0,0,1,0,0,0,0,0,0,0,0,0,0,2,2,0,0,0,0,1,0,0,52,255,1,0,0.02,0.05,0,0,0,0,normal
0,tcp,http,SF,233,651,0,0,0,0,0,1,0,0,0,0,0,0,0,0,0,0,4,7,0,0,0,0,1,0,0.29,84,255,1,0,0.01,0.01,0,0,0,0,normal
0,tcp,name,REJ,0,0,0,0,0,0,0,0,0,0,0,0,0,0,0,0,0,0,250,20,0,0,1,1,0.08,0.06,0,255,20,0.08,0.06,0,0,0,0,1,1,abnormal
0,tcp,ftp_data,SF,383,0,0,0,0,0,0,0,0,0,0,0,0,0,0,0,0,0,2,2,0,0,0,0,1,0,0,220,65,0.3,0.02,0.3,0,0,0,0.04,0,normal
0,tcp,whois,S0,0,0,0,0,0,0,0,0,0,0,0,0,0,0,0,0,0,0,202,1,1,1,0,0,0,0.06,0,255,1,0,0.03,0,0,1,1,0,0,abnormal
1,tcp,smtp,SF,3222,397,0,0,0,0,0,1,0,0,0,0,0,0,0,0,0,0,1,1,0,0,0,0,1,0,0,66,229,0.71,0.05,0.02,0.01,0.24,0,0,0,normal
0,tcp,private,S0,0,0,0,0,0,0,0,0,0,0,0,0,0,0,0,0,0,0,18,7,1,1,0,0,0.39,0.28,0,255,7,0.03,0.08,0,0,1,1,0,0,abnormal
0,tcp,Z39_50,S0,0,0,0,0,0,0,0,0,0,0,0,0,0,0,0,0,0,0,270,6,1,1,0,0,0.02,0.06,0,255,6,0.02,0.06,0,0,1,1,0,0,abnormal
0,tcp,private,S0,0,0,0,0,0,0,0,0,0,0,0,0,0,0,0,0,0,0,237,12,1,1,0,0,0.05,0.06,0,255,11,0.04,0.09,0,0,1,1,0,0,abnormal
0,icmp,ecr_i,SF,520,0,0,0,0,0,0,0,0,0,0,0,0,0,0,0,0,0,441,441,0,0,0,0,1,0,0,242,242,1,0,1,0,0,0,0,0,abnormal
25,tcp,ftp,SF,342,1072,0,0,0,6,0,1,0,0,0,0,0,0,0,0,0,1,1,1,0,0,0,0,1,0,0,26,9,0.35,0.08,0.04,0,0,0,0,0,normal
30,tcp,ftp,SF,1458,4152,0,0,0,30,0,1,0,0,0,0,0,0,0,0,0,1,1,1,0,0,0,0,1,0,0,255,41,0.16,0.02,0,0,0,0,0,0,normal
0,tcp,courier,S0,0,0,0,0,0,0,0,0,0,0,0,0,0,0,0,0,0,0,121,5,1,1,0,0,0.04,0.06,0,255,5,0.02,0.05,0,0,1,1,0,0,abnormal
0,tcp,domain,S0,0,0,0,0,0,0,0,0,0,0,0,0,0,0,0,0,0,0,264,2,1,1,0,0,0.01,0.05,0,255,2,0.01,0.05,0,0,1,1,0,0,abnormal
1,tcp,smtp,SF,1362,323,0,0,0,0,0,1,0,0,0,0,0,0,0,0,0,0,1,2,0,0,0,0,1,0,1,255,178,0.7,0.02,0,0,0,0,0,0,normal
0,tcp,http_443,REJ,0,0,0,0,0,0,0,0,0,0,0,0,0,0,0,0,0,0,111,20,0,0,1,1,0.18,0.07,0,255,20,0.08,0.07,0,0,0,0,1,1,abnormal
0,icmp,eco_i,SF,8,0,0,0,0,0,0,0,0,0,0,0,0,0,0,0,0,0,1,40,0,0,0,0,1,0,1,3,215,1,0,1,0.25,0,0,0,0,abnormal
0,tcp,netbios_dgm,S0,0,0,0,0,0,0,0,0,0,0,0,0,0,0,0,0,0,0,229,12,1,1,0,0,0.05,0.06,0,255,5,0.02,0.07,0,0,1,1,0,0,abnormal
0,tcp,netbios_ssn,S0,0,0,0,0,0,0,0,0,0,0,0,0,0,0,0,0,0,0,252,24,1,1,0,0,0.1,0.06,0,255,24,0.09,0.06,0,0,1,1,0,0,abnormal
0,tcp,private,S0,0,0,0,0,0,0,0,0,0,0,0,0,0,0,0,0,0,0,31,13,1,1,0,0,0.42,0.16,0,255,13,0.05,0.08,0,0,1,1,0,0,abnormal
0,tcp,ftp_data,SF,495,0,0,0,0,0,0,1,0,0,0,5,0,0,0,0,0,0,2,1,0,0,0,0,0.5,1,0,137,78,0.11,0.04,0.11,0.03,0,0,0,0,normal
0,tcp,smtp,SF,614,330,0,0,0,0,0,1,0,0,0,0,0,0,0,0,0,0,1,2,0,0,0,0,1,0,1,166,183,0.74,0.03,0.01,0.01,0,0,0,0,normal
0,udp,domain_u,SF,44,132,0,0,0,0,0,0,0,0,0,0,0,0,0,0,0,0,31,109,0,0,0,0,1,0,0.02,255,235,0.92,0.01,0,0,0,0,0,0,normal
0,tcp,ftp_data,S0,0,0,0,0,0,0,0,0,0,0,0,0,0,0,0,0,0,0,34,17,1,1,0,0,0.5,0.06,0,255,61,0.24,0.02,0,0,1,1,0,0,abnormal
0,tcp,sunrpc,S0,0,0,0,0,0,0,0,0,0,0,0,0,0,0,0,0,0,0,280,4,1,1,0,0,0.01,0.05,0,255,4,0.02,0.05,0,0,1,1,0,0,abnormal
0,tcp,private,S0,0,0,0,0,0,0,0,0,0,0,0,0,0,0,0,0,0,0,206,15,1,1,0,0,0.07,0.06,0,255,15,0.06,0.06,0,0,1,1,0,0,abnormal
0,tcp,supdup,S0,0,0,0,0,0,0,0,0,0,0,0,0,0,0,0,0,0,0,255,2,1,1,0,0,0.01,0.07,0,255,2,0.01,0.07,0,0,1,1,0,0,abnormal
0,tcp,bgp,REJ,0,0,0,0,0,0,0,0,0,0,0,0,0,0,0,0,0,0,232,8,0,0,1,1,0.03,0.07,0,255,8,0.03,0.07,0,0,0,0,1,1,abnormal
0,tcp,ftp_data,SF,59,0,0,0,0,0,0,0,0,0,0,0,0,0,0,0,0,0,8,9,0,0,0,0,1,0,0.22,162,71,0.44,0.02,0.44,0,0,0,0,0,normal
0,tcp,gopher,S0,0,0,0,0,0,0,0,0,0,0,0,0,0,0,0,0,0,0,243,6,1,1,0,0,0.02,0.07,0,255,6,0.02,0.08,0,0,1,1,0,0,abnormal
0,icmp,ecr_i,SF,520,0,0,0,0,0,0,0,0,0,0,0,0,0,0,0,0,0,449,449,0,0,0,0,1,0,0,42,42,1,0,1,0,0,0,0,0,abnormal
0,tcp,http,SF,281,8110,0,0,0,0,0,1,0,0,0,0,0,0,0,0,0,0,1,1,0,0,0,0,1,0,0,255,255,1,0,0,0,0,0,0,0,normal
0,tcp,whois,S0,0,0,0,0,0,0,0,0,0,0,0,0,0,0,0,0,0,0,257,13,1,1,0,0,0.05,0.05,0,255,13,0.05,0.05,0,0,1,1,0,0,abnormal
0,tcp,private,S0,0,0,0,0,0,0,0,0,0,0,0,0,0,0,0,0,0,0,122,12,1,1,0,0,0.1,0.06,0,255,7,0.03,0.06,0,0,1,1,0,0,abnormal
0,tcp,http,SF,218,1719,0,0,0,0,0,1,0,0,0,0,0,0,0,0,0,0,13,13,0,0,0,0,1,0,0,255,255,1,0,0,0,0,0,0,0,normal
1,tcp,smtp,SF,1082,333,0,0,0,0,0,1,0,0,0,0,0,0,0,0,0,0,1,2,0,0,0,0,1,0,1,126,142,0.37,0.06,0.01,0.01,0,0,0,0,normal
0,icmp,eco_i,SF,8,0,0,0,0,0,0,0,0,0,0,0,0,0,0,0,0,0,1,49,0,0,0,0,1,0,1,2,66,1,0,1,0.26,0,0,0,0,abnormal
0,tcp,netstat,S0,0,0,0,0,0,0,0,0,0,0,0,0,0,0,0,0,0,0,198,22,1,1,0,0,0.11,0.06,0,255,22,0.09,0.06,0,0,1,1,0,0,abnormal
0,tcp,private,S0,0,0,0,0,0,0,0,0,0,0,0,0,0,0,0,0,0,0,96,1,1,1,0,0,0.01,0.07,0,255,12,0.05,0.06,0,0,1,1,0,0,abnormal
0,udp,domain_u,SF,44,44,0,0,0,0,0,0,0,0,0,0,0,0,0,0,0,0,92,158,0,0,0,0,1,0,0.01,255,255,1,0,0.01,0,0,0,0,0,normal
0,tcp,http,SF,331,1397,0,0,0,0,0,1,0,0,0,0,0,0,0,0,0,0,2,2,0,0,0,0,1,0,0,168,255,1,0,0.01,0.02,0,0,0,0,normal
0,tcp,http,SF,187,784,0,0,0,0,0,1,0,0,0,0,0,0,0,0,0,0,2,4,0,0,0,0,1,0,0.5,25,255,1,0,0.04,0.01,0,0,0,0,normal
0,udp,private,SF,207,0,0,0,0,0,0,0,0,0,0,0,0,0,0,0,0,0,2,2,0,0,0,0,1,0,0,40,32,0.8,0.05,0.8,0,0,0,0,0,abnormal
0,tcp,private,REJ,0,0,0,0,0,0,0,0,0,0,0,0,0,0,0,0,0,0,1,1,0,0,1,1,1,0,0,69,2,0.01,1,0.01,1,0,0,0.97,1,abnormal
0,tcp,http,SF,240,3214,0,0,0,0,0,1,0,0,0,0,0,0,0,0,0,0,14,19,0,0,0,0,1,0,0.21,255,255,1,0,0,0,0,0,0,0,normal
0,tcp,ftp_data,SF,6601,0,0,0,0,0,0,1,0,0,0,0,0,0,0,0,0,0,18,18,0,0,0,0,1,0,0,125,90,0.28,0.03,0.28,0.02,0,0,0,0,normal
0,udp,domain_u,SF,44,44,0,0,0,0,0,0,0,0,0,0,0,0,0,0,0,0,105,104,0,0,0,0,0.99,0.02,0,255,254,1,0.01,0,0,0,0,0,0,normal
0,tcp,supdup,S0,0,0,0,0,0,0,0,0,0,0,0,0,0,0,0,0,0,0,201,11,1,1,0,0,0.05,0.06,0,255,10,0.04,0.07,0,0,1,1,0,0,abnormal
0,udp,domain_u,SF,46,46,0,0,0,0,0,0,0,0,0,0,0,0,0,0,0,0,136,136,0,0,0,0,1,0,0,255,255,1,0,0.01,0,0,0,0,0,normal
0,icmp,ecr_i,SF,1032,0,0,0,0,0,0,0,0,0,0,0,0,0,0,0,0,0,69,69,0,0,0,0,1,0,0,255,69,0.27,0.02,0.27,0,0,0,0,0,abnormal
0,tcp,echo,S0,0,0,0,0,0,0,0,0,0,0,0,0,0,0,0,0,0,0,234,15,1,1,0,0,0.06,0.06,0,255,15,0.06,0.07,0,0,1,1,0,0,abnormal
0,icmp,eco_i,SF,8,0,0,0,0,0,0,0,0,0,0,0,0,0,0,0,0,0,1,2,0,0,0,0,1,0,1,2,110,1,0,1,0.25,0,0,0,0,abnormal
0,tcp,private,S0,0,0,0,0,0,0,0,0,0,0,0,0,0,0,0,0,0,0,164,20,1,1,0,0,0.12,0.06,0,255,1,0,0.09,0,0,1,1,0,0,abnormal
0,tcp,netstat,RSTR,0,0,0,0,0,0,0,0,0,0,0,0,0,0,0,0,0,0,1,1,0,0,1,1,1,0,0,113,1,0.01,0.17,0.13,0,0,0,0.12,1,abnormal
0,tcp,remote_job,S0,0,0,0,0,0,0,0,0,0,0,0,0,0,0,0,0,0,0,223,10,1,1,0,0,0.04,0.07,0,255,9,0.04,0.07,0,0,1,1,0,0,abnormal
0,tcp,discard,S0,0,0,0,0,0,0,0,0,0,0,0,0,0,0,0,0,0,0,285,13,1,1,0,0,0.05,0.06,0,255,13,0.05,0.08,0,0,1,1,0,0,abnormal
0,udp,domain_u,SF,45,167,0,0,0,0,0,0,0,0,0,0,0,0,0,0,0,0,76,156,0,0,0,0,1,0,0.01,255,208,0.82,0.02,0,0,0,0,0,0,normal
0,tcp,http,SF,230,1582,0,0,0,0,0,1,0,0,0,0,0,0,0,0,0,0,18,25,0,0,0,0,1,0,0.12,21,255,1,0,0.05,0.02,0,0,0,0,normal
0,tcp,other,REJ,0,0,0,0,0,0,0,0,0,0,0,0,0,0,0,0,0,0,511,1,0.14,0,0.86,1,0,1,0,255,1,0,1,0,0,0.09,0,0.91,1,abnormal
0,tcp,private,S0,0,0,0,0,0,0,0,0,0,0,0,0,0,0,0,0,0,0,132,2,1,1,0,0,0.02,0.06,0,255,3,0.01,0.05,0,0,1,1,0,0,abnormal
0,tcp,smtp,SF,693,363,0,0,0,0,0,1,0,0,0,0,0,0,0,0,0,0,1,5,0,0.2,0,0,1,0,0.8,182,96,0.49,0.03,0.01,0.02,0.01,0.01,0.01,0,normal
0,icmp,urp_i,SF,78,0,0,0,0,0,0,0,0,0,0,0,0,0,0,0,0,0,53,8,0,0,0,0,0.15,0.04,0,225,8,0.04,0.02,0.04,0,0,0,0,0,normal
0,tcp,private,S0,0,0,0,0,0,0,0,0,0,0,0,0,0,0,0,0,0,0,208,6,1,1,0,0,0.03,0.07,0,255,9,0.04,0.07,0,0,1,1,0,0,abnormal
0,tcp,ftp_data,SF,748,0,0,0,0,0,0,1,0,0,0,9,0,0,0,0,0,0,1,1,0,0,0,0,1,0,0,28,54,0.04,0.11,0.04,0.04,0,0,0,0,normal
0,tcp,http,SF,211,1197,0,0,0,0,0,1,0,0,0,0,0,0,0,0,0,0,2,26,0,0,0,0,1,0,0.19,94,255,1,0,0.01,0.03,0.02,0.01,0,0,normal
0,icmp,ecr_i,SF,30,0,0,0,0,0,0,0,0,0,0,0,0,0,0,0,0,0,1,1,0,0,0,0,1,0,0,247,247,1,0,1,0,0,0,0,0,normal
0,tcp,echo,S0,0,0,0,0,0,0,0,0,0,0,0,0,0,0,0,0,0,0,223,17,1,1,0,0,0.08,0.06,0,255,17,0.07,0.06,0,0,1,1,0,0,abnormal
0,tcp,http,SF,166,34660,0,0,0,0,0,1,0,0,0,0,0,0,0,0,0,0,1,1,0,0,0,0,1,0,0,16,255,1,0,0.06,0.06,0,0,0,0,normal
